region,index,year,value
Zambia,txm,1981,27.05758
Zambia,txm,1982,27.01066
Zambia,txm,1983,27.9419
Zambia,txm,1984,27.13753
Zambia,txm,1985,26.59529
Zambia,txm,1986,26.46439
Zambia,txm,1987,28.0189
Zambia,txm,1988,27.22035
Zambia,txm,1989,26.82973
Zambia,txm,1990,27.52738
Zambia,txm,1991,27.22239
Zambia,txm,1992,27.97068
Zambia,txm,1993,27.13448
Zambia,txm,1994,27.63951
Zambia,txm,1995,28.19351
Zambia,txm,1996,27.78028
Zambia,txm,1997,27.3891
Zambia,txm,1998,28.1497
Zambia,txm,1999,27.18151
Zambia,txm,2000,27.05065
Zambia,txm,2001,27.11645
Zambia,txm,2002,27.4818
Zambia,txm,2003,27.49924
Zambia,txm,2004,27.05363
Zambia,txm,2005,28.33502
Zambia,txm,2006,27.09157
Zambia,txm,2007,27.30537
Zambia,txm,2008,27.18377
Zambia,txm,2009,26.98767
Zambia,txm,2010,27.37524
Zambia,txm,2011,27.25191
Zambia,txm,2012,27.38169
Zambia,txm,2013,27.6471
Zambia,txm,2014,27.64284
Zambia,txm,2015,27.93098
Zambia,txm,2016,28.0021
Zambia,txm,2017,27.20957
Zambia,txm,2018,27.65005
Zambia,txm,2019,28.18266
Zambia,txm,2020,27.45288
Zambia,txm,2021,27.4515
Zambia,txm,2022,26.90772
Zambia,txm,2023,28.10877
Zambia,txm,2024,28.47872
Zambia,txm,2025,27.29827
Zambia,txx,1981,35.22223
Zambia,txx,1982,33.96084
Zambia,txx,1983,35.31586
Zambia,txx,1984,34.61517
Zambia,txx,1985,33.63382
Zambia,txx,1986,34.17304
Zambia,txx,1987,35.80985
Zambia,txx,1988,34.10275
Zambia,txx,1989,35.00648
Zambia,txx,1990,35.59922
Zambia,txx,1991,34.2796
Zambia,txx,1992,35.34682
Zambia,txx,1993,35.12997
Zambia,txx,1994,35.33463
Zambia,txx,1995,35.96555
Zambia,txx,1996,35.6095
Zambia,txx,1997,35.74536
Zambia,txx,1998,36.36498
Zambia,txx,1999,35.66509
Zambia,txx,2000,34.83445
Zambia,txx,2001,34.76415
Zambia,txx,2002,35.16064
Zambia,txx,2003,36.35138
Zambia,txx,2004,35.34304
Zambia,txx,2005,35.79164
Zambia,txx,2006,34.92794
Zambia,txx,2007,34.98666
Zambia,txx,2008,35.82537
Zambia,txx,2009,34.66114
Zambia,txx,2010,36.12138
Zambia,txx,2011,36.36526
Zambia,txx,2012,35.50879
Zambia,txx,2013,36.21306
Zambia,txx,2014,35.9949
Zambia,txx,2015,35.86954
Zambia,txx,2016,36.44711
Zambia,txx,2017,36.68873
Zambia,txx,2018,35.24691
Zambia,txx,2019,36.70361
Zambia,txx,2020,36.24555
Zambia,txx,2021,36.01037
Zambia,txx,2022,34.91151
Zambia,txx,2023,36.61977
Zambia,txx,2024,36.28661
Zambia,txx,2025,35.45729
Zambia,tx90p,1981,6.09464
Zambia,tx90p,1982,7.974419
Zambia,tx90p,1983,16.75729
Zambia,tx90p,1984,6.25104
Zambia,tx90p,1985,2.788459
Zambia,tx90p,1986,2.550536
Zambia,tx90p,1987,16.10229
Zambia,tx90p,1988,7.220895
Zambia,tx90p,1989,4.910576
Zambia,tx90p,1990,9.617477
Zambia,tx90p,1991,5.279673
Zambia,tx90p,1992,16.3897
Zambia,tx90p,1993,5.691962
Zambia,tx90p,1994,14.4837
Zambia,tx90p,1995,16.26198
Zambia,tx90p,1996,10.22511
Zambia,tx90p,1997,10.59394
Zambia,tx90p,1998,16.72842
Zambia,tx90p,1999,7.480114
Zambia,tx90p,2000,4.761476
Zambia,tx90p,2001,6.034978
Zambia,tx90p,2002,10.42195
Zambia,tx90p,2003,9.014526
Zambia,tx90p,2004,4.548642
Zambia,tx90p,2005,19.32109
Zambia,tx90p,2006,5.119487
Zambia,tx90p,2007,7.668576
Zambia,tx90p,2008,7.298033
Zambia,tx90p,2009,5.019551
Zambia,tx90p,2010,7.107537
Zambia,tx90p,2011,6.098908
Zambia,tx90p,2012,5.429455
Zambia,tx90p,2013,10.72034
Zambia,tx90p,2014,10.27607
Zambia,tx90p,2015,13.5348
Zambia,tx90p,2016,16.82725
Zambia,tx90p,2017,5.0469
Zambia,tx90p,2018,10.22683
Zambia,tx90p,2019,18.87632
Zambia,tx90p,2020,9.914915
Zambia,tx90p,2021,9.862568
Zambia,tx90p,2022,2.88588
Zambia,tx90p,2023,19.66887
Zambia,tx90p,2024,28.24062
Zambia,tx90p,2025,8.849545
Zambia,su35,1981,6.560699
Zambia,su35,1982,2.100618
Zambia,su35,1983,8.007884
Zambia,su35,1984,4.0585
Zambia,su35,1985,1.294394
Zambia,su35,1986,1.361459
Zambia,su35,1987,9.962498
Zambia,su35,1988,2.634328
Zambia,su35,1989,4.27426
Zambia,su35,1990,8.013109
Zambia,su35,1991,3.736686
Zambia,su35,1992,8.595661
Zambia,su35,1993,5.325131
Zambia,su35,1994,8.299163
Zambia,su35,1995,14.16205
Zambia,su35,1996,14.59669
Zambia,su35,1997,6.620751
Zambia,su35,1998,12.83729
Zambia,su35,1999,7.542921
Zambia,su35,2000,4.810317
Zambia,su35,2001,5.247048
Zambia,su35,2002,6.270364
Zambia,su35,2003,10.99689
Zambia,su35,2004,4.628901
Zambia,su35,2005,11.6806
Zambia,su35,2006,4.604136
Zambia,su35,2007,3.945484
Zambia,su35,2008,11.27568
Zambia,su35,2009,4.553197
Zambia,su35,2010,12.86571
Zambia,su35,2011,8.89339
Zambia,su35,2012,9.081669
Zambia,su35,2013,11.52521
Zambia,su35,2014,13.37825
Zambia,su35,2015,13.71566
Zambia,su35,2016,19.35742
Zambia,su35,2017,8.425463
Zambia,su35,2018,9.543356
Zambia,su35,2019,14.61496
Zambia,su35,2020,14.25714
Zambia,su35,2021,11.33477
Zambia,su35,2022,5.82777
Zambia,su35,2023,16.41042
Zambia,su35,2024,18.02254
Zambia,su35,2025,10.1025
Zambia,wsdi,1981,5.418708
Zambia,wsdi,1982,8.435346
Zambia,wsdi,1983,22.00723
Zambia,wsdi,1984,6.469742
Zambia,wsdi,1985,0.04890414
Zambia,wsdi,1986,2.45597
Zambia,wsdi,1987,22.78146
Zambia,wsdi,1988,0.9396331
Zambia,wsdi,1989,3.250256
Zambia,wsdi,1990,5.051984
Zambia,wsdi,1991,0.5346972
Zambia,wsdi,1992,21.13129
Zambia,wsdi,1993,3.947728
Zambia,wsdi,1994,19.18292
Zambia,wsdi,1995,19.58673
Zambia,wsdi,1996,5.746284
Zambia,wsdi,1997,8.335109
Zambia,wsdi,1998,16.67052
Zambia,wsdi,1999,7.955406
Zambia,wsdi,2000,2.194549
Zambia,wsdi,2001,4.396412
Zambia,wsdi,2002,9.946445
Zambia,wsdi,2003,6.034055
Zambia,wsdi,2004,0.3701137
Zambia,wsdi,2005,14.71885
Zambia,wsdi,2006,0.4914735
Zambia,wsdi,2007,3.162516
Zambia,wsdi,2008,4.65812
Zambia,wsdi,2009,0.4424875
Zambia,wsdi,2010,2.013465
Zambia,wsdi,2011,1.06309
Zambia,wsdi,2012,1.511786
Zambia,wsdi,2013,1.363407
Zambia,wsdi,2014,3.412871
Zambia,wsdi,2015,7.817482
Zambia,wsdi,2016,15.54663
Zambia,wsdi,2017,0.5857199
Zambia,wsdi,2018,10.25902
Zambia,wsdi,2019,23.96311
Zambia,wsdi,2020,2.729245
Zambia,wsdi,2021,17.18061
Zambia,wsdi,2022,0.01811088
Zambia,wsdi,2023,24.56965
Zambia,wsdi,2024,62.67105
Zambia,wsdi,2025,2.548602
Central,txm,1981,26.23441
Central,txm,1982,26.20167
Central,txm,1983,27.38259
Central,txm,1984,26.52888
Central,txm,1985,25.70188
Central,txm,1986,25.60031
Central,txm,1987,27.40491
Central,txm,1988,26.42697
Central,txm,1989,26.0746
Central,txm,1990,26.83181
Central,txm,1991,26.54005
Central,txm,1992,27.49244
Central,txm,1993,26.22798
Central,txm,1994,26.95424
Central,txm,1995,27.44224
Central,txm,1996,26.90063
Central,txm,1997,26.41947
Central,txm,1998,27.37672
Central,txm,1999,26.16527
Central,txm,2000,25.86417
Central,txm,2001,26.17899
Central,txm,2002,26.56253
Central,txm,2003,26.38637
Central,txm,2004,26.04698
Central,txm,2005,27.49325
Central,txm,2006,26.18726
Central,txm,2007,26.29749
Central,txm,2008,26.26182
Central,txm,2009,25.78491
Central,txm,2010,26.27472
Central,txm,2011,26.41382
Central,txm,2012,26.51111
Central,txm,2013,26.75414
Central,txm,2014,26.92573
Central,txm,2015,26.92102
Central,txm,2016,27.01065
Central,txm,2017,26.1162
Central,txm,2018,26.71645
Central,txm,2019,27.31357
Central,txm,2020,26.76811
Central,txm,2021,26.48184
Central,txm,2022,26.01844
Central,txm,2023,27.36497
Central,txm,2024,27.93069
Central,txm,2025,26.54346
Central,txx,1981,35.17358
Central,txx,1982,33.98587
Central,txx,1983,35.25452
Central,txx,1984,34.89971
Central,txx,1985,32.87635
Central,txx,1986,34.23317
Central,txx,1987,36.32386
Central,txx,1988,33.97758
Central,txx,1989,34.95634
Central,txx,1990,35.5978
Central,txx,1991,33.85952
Central,txx,1992,35.90649
Central,txx,1993,34.57983
Central,txx,1994,35.3478
Central,txx,1995,35.59391
Central,txx,1996,35.49899
Central,txx,1997,35.29934
Central,txx,1998,36.38794
Central,txx,1999,35.46166
Central,txx,2000,34.07905
Central,txx,2001,33.93458
Central,txx,2002,34.36706
Central,txx,2003,35.84705
Central,txx,2004,35.00448
Central,txx,2005,35.41494
Central,txx,2006,34.47731
Central,txx,2007,34.15422
Central,txx,2008,35.06599
Central,txx,2009,33.83777
Central,txx,2010,35.75716
Central,txx,2011,36.35231
Central,txx,2012,34.88573
Central,txx,2013,35.75769
Central,txx,2014,35.62618
Central,txx,2015,35.38389
Central,txx,2016,35.67756
Central,txx,2017,36.79903
Central,txx,2018,34.86985
Central,txx,2019,37.04338
Central,txx,2020,36.17331
Central,txx,2021,35.93231
Central,txx,2022,34.59887
Central,txx,2023,36.23244
Central,txx,2024,36.17563
Central,txx,2025,35.66266
Central,tx90p,1981,7.176123
Central,tx90p,1982,9.370636
Central,tx90p,1983,22.42574
Central,tx90p,1984,9.540786
Central,tx90p,1985,2.795516
Central,tx90p,1986,3.613716
Central,tx90p,1987,20.49545
Central,tx90p,1988,8.149563
Central,tx90p,1989,5.88727
Central,tx90p,1990,12.15976
Central,tx90p,1991,6.528084
Central,tx90p,1992,22.29253
Central,tx90p,1993,4.697147
Central,tx90p,1994,18.30021
Central,tx90p,1995,18.30853
Central,tx90p,1996,11.24034
Central,tx90p,1997,9.456651
Central,tx90p,1998,18.54679
Central,tx90p,1999,7.029256
Central,tx90p,2000,2.786353
Central,tx90p,2001,4.437918
Central,tx90p,2002,9.902317
Central,tx90p,2003,7.862175
Central,tx90p,2004,4.078667
Central,tx90p,2005,19.40423
Central,tx90p,2006,4.751679
Central,tx90p,2007,6.749233
Central,tx90p,2008,6.784847
Central,tx90p,2009,3.148747
Central,tx90p,2010,4.716109
Central,tx90p,2011,6.412117
Central,tx90p,2012,5.081754
Central,tx90p,2013,10.63899
Central,tx90p,2014,11.94385
Central,tx90p,2015,10.73835
Central,tx90p,2016,15.55962
Central,tx90p,2017,3.661355
Central,tx90p,2018,8.095964
Central,tx90p,2019,19.15179
Central,tx90p,2020,13.34314
Central,tx90p,2021,9.349154
Central,tx90p,2022,2.280894
Central,tx90p,2023,21.19999
Central,tx90p,2024,35.24413
Central,tx90p,2025,9.867061
Central,su35,1981,3.53862
Central,su35,1982,0.9850076
Central,su35,1983,3.890114
Central,su35,1984,2.96697
Central,su35,1985,0.546855
Central,su35,1986,0.5311008
Central,su35,1987,6.951975
Central,su35,1988,0.9995949
Central,su35,1989,2.669916
Central,su35,1990,4.68298
Central,su35,1991,1.585011
Central,su35,1992,8.053798
Central,su35,1993,2.162637
Central,su35,1994,5.54475
Central,su35,1995,8.737409
Central,su35,1996,10.34236
Central,su35,1997,3.666046
Central,su35,1998,11.38356
Central,su35,1999,4.333286
Central,su35,2000,0.8988003
Central,su35,2001,1.524056
Central,su35,2002,2.412709
Central,su35,2003,4.324125
Central,su35,2004,1.960199
Central,su35,2005,5.906446
Central,su35,2006,2.187213
Central,su35,2007,1.459332
Central,su35,2008,4.502543
Central,su35,2009,0.8441968
Central,su35,2010,6.736366
Central,su35,2011,6.656891
Central,su35,2012,3.770785
Central,su35,2013,6.425212
Central,su35,2014,8.548614
Central,su35,2015,5.028691
Central,su35,2016,10.15243
Central,su35,2017,5.41208
Central,su35,2018,2.585305
Central,su35,2019,11.8626
Central,su35,2020,9.502472
Central,su35,2021,6.480266
Central,su35,2022,2.492234
Central,su35,2023,10.23106
Central,su35,2024,11.65267
Central,su35,2025,5.505416
Central,wsdi,1981,10.08789
Central,wsdi,1982,12.91362
Central,wsdi,1983,32.48453
Central,wsdi,1984,11.16053
Central,wsdi,1985,0
Central,wsdi,1986,3.092603
Central,wsdi,1987,28.38375
Central,wsdi,1988,0.2972641
Central,wsdi,1989,3.195036
Central,wsdi,1990,8.283183
Central,wsdi,1991,0
Central,wsdi,1992,31.0012
Central,wsdi,1993,2.658944
Central,wsdi,1994,25.93141
Central,wsdi,1995,19.51164
Central,wsdi,1996,5.787704
Central,wsdi,1997,9.387931
Central,wsdi,1998,17.55692
Central,wsdi,1999,7.932107
Central,wsdi,2000,0.3449926
Central,wsdi,2001,0.9085057
Central,wsdi,2002,9.503152
Central,wsdi,2003,5.154564
Central,wsdi,2004,0
Central,wsdi,2005,17.04506
Central,wsdi,2006,0
Central,wsdi,2007,3.349829
Central,wsdi,2008,6.32967
Central,wsdi,2009,0
Central,wsdi,2010,0.4304734
Central,wsdi,2011,1.507946
Central,wsdi,2012,0.8876317
Central,wsdi,2013,1.599056
Central,wsdi,2014,7.598367
Central,wsdi,2015,6.823316
Central,wsdi,2016,16.43477
Central,wsdi,2017,0.5184996
Central,wsdi,2018,4.245672
Central,wsdi,2019,23.81807
Central,wsdi,2020,3.995531
Central,wsdi,2021,18.14042
Central,wsdi,2022,0
Central,wsdi,2023,26.6936
Central,wsdi,2024,81.63449
Central,wsdi,2025,3.959203
Copperbelt,txm,1981,26.8052
Copperbelt,txm,1982,26.57608
Copperbelt,txm,1983,27.50561
Copperbelt,txm,1984,26.70906
Copperbelt,txm,1985,26.11297
Copperbelt,txm,1986,26.00961
Copperbelt,txm,1987,27.5494
Copperbelt,txm,1988,26.88505
Copperbelt,txm,1989,26.56705
Copperbelt,txm,1990,27.06583
Copperbelt,txm,1991,26.73794
Copperbelt,txm,1992,27.48325
Copperbelt,txm,1993,26.54511
Copperbelt,txm,1994,27.24492
Copperbelt,txm,1995,27.50427
Copperbelt,txm,1996,27.29762
Copperbelt,txm,1997,26.958
Copperbelt,txm,1998,28.03067
Copperbelt,txm,1999,26.80934
Copperbelt,txm,2000,26.57702
Copperbelt,txm,2001,26.8385
Copperbelt,txm,2002,27.01764
Copperbelt,txm,2003,27.00421
Copperbelt,txm,2004,26.58935
Copperbelt,txm,2005,27.88358
Copperbelt,txm,2006,26.73249
Copperbelt,txm,2007,27.12594
Copperbelt,txm,2008,26.95834
Copperbelt,txm,2009,26.62231
Copperbelt,txm,2010,27.1034
Copperbelt,txm,2011,26.90205
Copperbelt,txm,2012,26.99115
Copperbelt,txm,2013,27.15041
Copperbelt,txm,2014,27.28854
Copperbelt,txm,2015,27.214
Copperbelt,txm,2016,27.35302
Copperbelt,txm,2017,26.73313
Copperbelt,txm,2018,27.05535
Copperbelt,txm,2019,27.45365
Copperbelt,txm,2020,27.01201
Copperbelt,txm,2021,27.04719
Copperbelt,txm,2022,26.45818
Copperbelt,txm,2023,27.59177
Copperbelt,txm,2024,27.82398
Copperbelt,txm,2025,26.56629
Copperbelt,txx,1981,34.63536
Copperbelt,txx,1982,33.89334
Copperbelt,txx,1983,34.73029
Copperbelt,txx,1984,34.22475
Copperbelt,txx,1985,33.13713
Copperbelt,txx,1986,34.25939
Copperbelt,txx,1987,34.97636
Copperbelt,txx,1988,33.4556
Copperbelt,txx,1989,35.24419
Copperbelt,txx,1990,34.83263
Copperbelt,txx,1991,33.59912
Copperbelt,txx,1992,34.84304
Copperbelt,txx,1993,34.51401
Copperbelt,txx,1994,34.57517
Copperbelt,txx,1995,35.12752
Copperbelt,txx,1996,34.67593
Copperbelt,txx,1997,35.00645
Copperbelt,txx,1998,36.07634
Copperbelt,txx,1999,35.80721
Copperbelt,txx,2000,34.03249
Copperbelt,txx,2001,34.03374
Copperbelt,txx,2002,34.54865
Copperbelt,txx,2003,35.88613
Copperbelt,txx,2004,34.70868
Copperbelt,txx,2005,34.74797
Copperbelt,txx,2006,34.09202
Copperbelt,txx,2007,34.48677
Copperbelt,txx,2008,35.45731
Copperbelt,txx,2009,34.772
Copperbelt,txx,2010,35.96582
Copperbelt,txx,2011,35.76097
Copperbelt,txx,2012,34.82957
Copperbelt,txx,2013,35.71988
Copperbelt,txx,2014,35.61115
Copperbelt,txx,2015,34.76527
Copperbelt,txx,2016,35.56502
Copperbelt,txx,2017,36.28502
Copperbelt,txx,2018,35.08145
Copperbelt,txx,2019,35.72789
Copperbelt,txx,2020,35.42005
Copperbelt,txx,2021,35.31142
Copperbelt,txx,2022,34.70788
Copperbelt,txx,2023,35.44321
Copperbelt,txx,2024,35.41351
Copperbelt,txx,2025,34.11445
Copperbelt,tx90p,1981,6.812143
Copperbelt,tx90p,1982,8.96088
Copperbelt,tx90p,1983,17.81965
Copperbelt,tx90p,1984,6.060273
Copperbelt,tx90p,1985,1.939411
Copperbelt,tx90p,1986,2.386069
Copperbelt,tx90p,1987,16.37798
Copperbelt,tx90p,1988,8.98207
Copperbelt,tx90p,1989,5.031389
Copperbelt,tx90p,1990,9.999139
Copperbelt,tx90p,1991,5.13922
Copperbelt,tx90p,1992,14.65668
Copperbelt,tx90p,1993,4.492374
Copperbelt,tx90p,1994,17.72801
Copperbelt,tx90p,1995,11.25201
Copperbelt,tx90p,1996,10.25206
Copperbelt,tx90p,1997,10.1519
Copperbelt,tx90p,1998,22.76195
Copperbelt,tx90p,1999,10.2687
Copperbelt,tx90p,2000,2.596097
Copperbelt,tx90p,2001,7.672429
Copperbelt,tx90p,2002,9.623992
Copperbelt,tx90p,2003,8.73178
Copperbelt,tx90p,2004,4.688404
Copperbelt,tx90p,2005,19.24948
Copperbelt,tx90p,2006,4.564396
Copperbelt,tx90p,2007,11.22068
Copperbelt,tx90p,2008,10.51375
Copperbelt,tx90p,2009,4.845768
Copperbelt,tx90p,2010,8.098552
Copperbelt,tx90p,2011,6.186132
Copperbelt,tx90p,2012,5.507876
Copperbelt,tx90p,2013,8.370864
Copperbelt,tx90p,2014,13.59782
Copperbelt,tx90p,2015,9.90607
Copperbelt,tx90p,2016,15.84696
Copperbelt,tx90p,2017,4.268658
Copperbelt,tx90p,2018,6.552542
Copperbelt,tx90p,2019,16.25626
Copperbelt,tx90p,2020,10.11532
Copperbelt,tx90p,2021,10.72872
Copperbelt,tx90p,2022,1.946372
Copperbelt,tx90p,2023,17.69062
Copperbelt,tx90p,2024,26.54576
Copperbelt,tx90p,2025,6.963445
Copperbelt,su35,1981,0.5518013
Copperbelt,su35,1982,0.05260729
Copperbelt,su35,1983,0.709649
Copperbelt,su35,1984,0.07882912
Copperbelt,su35,1985,0
Copperbelt,su35,1986,0.1576572
Copperbelt,su35,1987,1.524021
Copperbelt,su35,1988,0
Copperbelt,su35,1989,1.683188
Copperbelt,su35,1990,1.077571
Copperbelt,su35,1991,0
Copperbelt,su35,1992,0.946052
Copperbelt,su35,1993,0.6047884
Copperbelt,su35,1994,0.4203654
Copperbelt,su35,1995,2.418815
Copperbelt,su35,1996,1.918273
Copperbelt,su35,1997,1.551143
Copperbelt,su35,1998,10.04674
Copperbelt,su35,1999,3.498781
Copperbelt,su35,2000,0.05252497
Copperbelt,su35,2001,0.05255274
Copperbelt,su35,2002,0.6044086
Copperbelt,su35,2003,2.315023
Copperbelt,su35,2004,0.9990422
Copperbelt,su35,2005,1.866322
Copperbelt,su35,2006,0.1313263
Copperbelt,su35,2007,0.5783782
Copperbelt,su35,2008,4.076142
Copperbelt,su35,2009,0.894018
Copperbelt,su35,2010,6.180422
Copperbelt,su35,2011,3.523716
Copperbelt,su35,2012,1.472499
Copperbelt,su35,2013,3.103269
Copperbelt,su35,2014,5.153957
Copperbelt,su35,2015,1.051538
Copperbelt,su35,2016,7.020885
Copperbelt,su35,2017,2.523679
Copperbelt,su35,2018,1.077949
Copperbelt,su35,2019,6.388513
Copperbelt,su35,2020,4.732134
Copperbelt,su35,2021,2.944971
Copperbelt,su35,2022,0.6833726
Copperbelt,su35,2023,4.494965
Copperbelt,su35,2024,3.838035
Copperbelt,su35,2025,0.1576022
Copperbelt,wsdi,1981,6.415841
Copperbelt,wsdi,1982,7.786394
Copperbelt,wsdi,1983,24.25021
Copperbelt,wsdi,1984,2.26072
Copperbelt,wsdi,1985,0
Copperbelt,wsdi,1986,0
Copperbelt,wsdi,1987,23.26071
Copperbelt,wsdi,1988,0.1582948
Copperbelt,wsdi,1989,1.658411
Copperbelt,wsdi,1990,5.235008
Copperbelt,wsdi,1991,0
Copperbelt,wsdi,1992,15.88663
Copperbelt,wsdi,1993,6.184981
Copperbelt,wsdi,1994,22.26086
Copperbelt,wsdi,1995,9.893744
Copperbelt,wsdi,1996,5.891996
Copperbelt,wsdi,1997,6.630382
Copperbelt,wsdi,1998,25.65774
Copperbelt,wsdi,1999,11.71791
Copperbelt,wsdi,2000,0
Copperbelt,wsdi,2001,9.605506
Copperbelt,wsdi,2002,8.811236
Copperbelt,wsdi,2003,1.207935
Copperbelt,wsdi,2004,0
Copperbelt,wsdi,2005,15.69104
Copperbelt,wsdi,2006,0
Copperbelt,wsdi,2007,2.367456
Copperbelt,wsdi,2008,9.8431
Copperbelt,wsdi,2009,0
Copperbelt,wsdi,2010,4.055356
Copperbelt,wsdi,2011,0
Copperbelt,wsdi,2012,0
Copperbelt,wsdi,2013,0.3157864
Copperbelt,wsdi,2014,2.365155
Copperbelt,wsdi,2015,1.944192
Copperbelt,wsdi,2016,12.06953
Copperbelt,wsdi,2017,0.1576582
Copperbelt,wsdi,2018,3.314827
Copperbelt,wsdi,2019,8.911716
Copperbelt,wsdi,2020,4.107259
Copperbelt,wsdi,2021,19.31619
Copperbelt,wsdi,2022,0
Copperbelt,wsdi,2023,10.62304
Copperbelt,wsdi,2024,40.08723
Copperbelt,wsdi,2025,2.81542
Eastern,txm,1981,28.43686
Eastern,txm,1982,27.86018
Eastern,txm,1983,29.23961
Eastern,txm,1984,28.07194
Eastern,txm,1985,27.2886
Eastern,txm,1986,27.4988
Eastern,txm,1987,29.1016
Eastern,txm,1988,28.38394
Eastern,txm,1989,27.41034
Eastern,txm,1990,28.75636
Eastern,txm,1991,28.39755
Eastern,txm,1992,29.42929
Eastern,txm,1993,28.24997
Eastern,txm,1994,28.82641
Eastern,txm,1995,29.17862
Eastern,txm,1996,28.56652
Eastern,txm,1997,28.14658
Eastern,txm,1998,28.87953
Eastern,txm,1999,28.2163
Eastern,txm,2000,28.01842
Eastern,txm,2001,28.12797
Eastern,txm,2002,28.09581
Eastern,txm,2003,28.17627
Eastern,txm,2004,27.99297
Eastern,txm,2005,29.47058
Eastern,txm,2006,28.11665
Eastern,txm,2007,28.05998
Eastern,txm,2008,27.92812
Eastern,txm,2009,27.76884
Eastern,txm,2010,28.29805
Eastern,txm,2011,28.38897
Eastern,txm,2012,28.2601
Eastern,txm,2013,28.74514
Eastern,txm,2014,28.92776
Eastern,txm,2015,29.23319
Eastern,txm,2016,29.25435
Eastern,txm,2017,28.30858
Eastern,txm,2018,28.56495
Eastern,txm,2019,28.58673
Eastern,txm,2020,28.4075
Eastern,txm,2021,28.39618
Eastern,txm,2022,27.93507
Eastern,txm,2023,28.84324
Eastern,txm,2024,29.13644
Eastern,txm,2025,28.34596
Eastern,txx,1981,37.47145
Eastern,txx,1982,36.76862
Eastern,txx,1983,37.83382
Eastern,txx,1984,36.64635
Eastern,txx,1985,36.28371
Eastern,txx,1986,35.88421
Eastern,txx,1987,37.49857
Eastern,txx,1988,36.12148
Eastern,txx,1989,36.45181
Eastern,txx,1990,37.83502
Eastern,txx,1991,35.75523
Eastern,txx,1992,37.45739
Eastern,txx,1993,36.35219
Eastern,txx,1994,37.4897
Eastern,txx,1995,37.67577
Eastern,txx,1996,37.13839
Eastern,txx,1997,37.03652
Eastern,txx,1998,37.55265
Eastern,txx,1999,37.35604
Eastern,txx,2000,36.29453
Eastern,txx,2001,36.01067
Eastern,txx,2002,36.73664
Eastern,txx,2003,36.65825
Eastern,txx,2004,37.00721
Eastern,txx,2005,37.39972
Eastern,txx,2006,36.62984
Eastern,txx,2007,36.48084
Eastern,txx,2008,36.29483
Eastern,txx,2009,35.343
Eastern,txx,2010,37.36763
Eastern,txx,2011,38.439
Eastern,txx,2012,37.03568
Eastern,txx,2013,37.89302
Eastern,txx,2014,37.83565
Eastern,txx,2015,38.24036
Eastern,txx,2016,37.59301
Eastern,txx,2017,39.53793
Eastern,txx,2018,37.36054
Eastern,txx,2019,38.93919
Eastern,txx,2020,37.54968
Eastern,txx,2021,37.92392
Eastern,txx,2022,36.59277
Eastern,txx,2023,38.91742
Eastern,txx,2024,37.26972
Eastern,txx,2025,37.38334
Eastern,tx90p,1981,10.0054
Eastern,tx90p,1982,7.770115
Eastern,tx90p,1983,22.5188
Eastern,tx90p,1984,5.900666
Eastern,tx90p,1985,3.038171
Eastern,tx90p,1986,1.902394
Eastern,tx90p,1987,14.46307
Eastern,tx90p,1988,10.29796
Eastern,tx90p,1989,2.134181
Eastern,tx90p,1990,13.07665
Eastern,tx90p,1991,6.843253
Eastern,tx90p,1992,27.92265
Eastern,tx90p,1993,5.972657
Eastern,tx90p,1994,17.97889
Eastern,tx90p,1995,15.31853
Eastern,tx90p,1996,8.72598
Eastern,tx90p,1997,10.98674
Eastern,tx90p,1998,11.66278
Eastern,tx90p,1999,8.520202
Eastern,tx90p,2000,7.219711
Eastern,tx90p,2001,4.126506
Eastern,tx90p,2002,4.919676
Eastern,tx90p,2003,4.770967
Eastern,tx90p,2004,5.324519
Eastern,tx90p,2005,22.52804
Eastern,tx90p,2006,6.417716
Eastern,tx90p,2007,4.762575
Eastern,tx90p,2008,3.415519
Eastern,tx90p,2009,3.138844
Eastern,tx90p,2010,5.211177
Eastern,tx90p,2011,6.916123
Eastern,tx90p,2012,4.627757
Eastern,tx90p,2013,11.98809
Eastern,tx90p,2014,12.65039
Eastern,tx90p,2015,17.87228
Eastern,tx90p,2016,18.65246
Eastern,tx90p,2017,7.069981
Eastern,tx90p,2018,10.3371
Eastern,tx90p,2019,11.94838
Eastern,tx90p,2020,8.86377
Eastern,tx90p,2021,10.5134
Eastern,tx90p,2022,2.435126
Eastern,tx90p,2023,13.50733
Eastern,tx90p,2024,22.43646
Eastern,tx90p,2025,10.26866
Eastern,su35,1981,26.67279
Eastern,su35,1982,10.82826
Eastern,su35,1983,27.61415
Eastern,su35,1984,18.23839
Eastern,su35,1985,6.632215
Eastern,su35,1986,5.807629
Eastern,su35,1987,26.39162
Eastern,su35,1988,12.86045
Eastern,su35,1989,12.59017
Eastern,su35,1990,24.81611
Eastern,su35,1991,13.99084
Eastern,su35,1992,27.57714
Eastern,su35,1993,18.54084
Eastern,su35,1994,23.72873
Eastern,su35,1995,31.91551
Eastern,su35,1996,30.06273
Eastern,su35,1997,15.44641
Eastern,su35,1998,25.63689
Eastern,su35,1999,22.08098
Eastern,su35,2000,11.37808
Eastern,su35,2001,16.85739
Eastern,su35,2002,18.82628
Eastern,su35,2003,20.97009
Eastern,su35,2004,12.06789
Eastern,su35,2005,24.89623
Eastern,su35,2006,18.30215
Eastern,su35,2007,14.17471
Eastern,su35,2008,19.72834
Eastern,su35,2009,11.82624
Eastern,su35,2010,25.93753
Eastern,su35,2011,18.85524
Eastern,su35,2012,26.13172
Eastern,su35,2013,33.30424
Eastern,su35,2014,36.93664
Eastern,su35,2015,36.87569
Eastern,su35,2016,34.98184
Eastern,su35,2017,22.41306
Eastern,su35,2018,22.55745
Eastern,su35,2019,27.27916
Eastern,su35,2020,24.95719
Eastern,su35,2021,38.39825
Eastern,su35,2022,20.6642
Eastern,su35,2023,34.70932
Eastern,su35,2024,30.78017
Eastern,su35,2025,18.99972
Eastern,wsdi,1981,10.68986
Eastern,wsdi,1982,9.749518
Eastern,wsdi,1983,30.75507
Eastern,wsdi,1984,3.98963
Eastern,wsdi,1985,0.06625328
Eastern,wsdi,1986,0
Eastern,wsdi,1987,18.84587
Eastern,wsdi,1988,4.464029
Eastern,wsdi,1989,0.3273554
Eastern,wsdi,1990,10.8302
Eastern,wsdi,1991,1.249251
Eastern,wsdi,1992,53.41537
Eastern,wsdi,1993,4.403563
Eastern,wsdi,1994,24.65777
Eastern,wsdi,1995,13.61349
Eastern,wsdi,1996,0.6727857
Eastern,wsdi,1997,8.900452
Eastern,wsdi,1998,10.18084
Eastern,wsdi,1999,12.35868
Eastern,wsdi,2000,7.4756
Eastern,wsdi,2001,0
Eastern,wsdi,2002,1.820976
Eastern,wsdi,2003,2.64265
Eastern,wsdi,2004,1.80094
Eastern,wsdi,2005,28.32759
Eastern,wsdi,2006,2.647341
Eastern,wsdi,2007,0.1975149
Eastern,wsdi,2008,0.831253
Eastern,wsdi,2009,0.07762783
Eastern,wsdi,2010,1.061339
Eastern,wsdi,2011,5.703304
Eastern,wsdi,2012,0
Eastern,wsdi,2013,1.072887
Eastern,wsdi,2014,9.039308
Eastern,wsdi,2015,11.05812
Eastern,wsdi,2016,20.45157
Eastern,wsdi,2017,3.894404
Eastern,wsdi,2018,10.48087
Eastern,wsdi,2019,11.91785
Eastern,wsdi,2020,0.802224
Eastern,wsdi,2021,21.89019
Eastern,wsdi,2022,0
Eastern,wsdi,2023,11.38807
Eastern,wsdi,2024,40.06689
Eastern,wsdi,2025,5.246449
Luapula,txm,1981,26.92292
Luapula,txm,1982,26.56861
Luapula,txm,1983,27.36521
Luapula,txm,1984,26.69265
Luapula,txm,1985,26.22079
Luapula,txm,1986,26.21679
Luapula,txm,1987,27.25436
Luapula,txm,1988,27.04612
Luapula,txm,1989,26.48484
Luapula,txm,1990,26.99796
Luapula,txm,1991,26.57779
Luapula,txm,1992,27.08152
Luapula,txm,1993,26.88949
Luapula,txm,1994,26.98635
Luapula,txm,1995,27.37181
Luapula,txm,1996,27.25753
Luapula,txm,1997,27.15502
Luapula,txm,1998,27.83017
Luapula,txm,1999,26.98085
Luapula,txm,2000,27.06614
Luapula,txm,2001,26.94914
Luapula,txm,2002,27.00864
Luapula,txm,2003,27.31942
Luapula,txm,2004,26.88955
Luapula,txm,2005,27.91461
Luapula,txm,2006,27.01498
Luapula,txm,2007,27.39393
Luapula,txm,2008,27.13756
Luapula,txm,2009,27.05259
Luapula,txm,2010,27.53603
Luapula,txm,2011,27.00106
Luapula,txm,2012,27.04521
Luapula,txm,2013,27.40018
Luapula,txm,2014,27.3266
Luapula,txm,2015,27.32651
Luapula,txm,2016,27.59127
Luapula,txm,2017,27.05625
Luapula,txm,2018,27.06322
Luapula,txm,2019,27.3223
Luapula,txm,2020,27.03117
Luapula,txm,2021,27.17824
Luapula,txm,2022,26.67684
Luapula,txm,2023,27.37601
Luapula,txm,2024,27.17136
Luapula,txm,2025,26.68984
Luapula,txx,1981,33.56186
Luapula,txx,1982,32.78531
Luapula,txx,1983,33.88095
Luapula,txx,1984,33.52618
Luapula,txx,1985,32.20394
Luapula,txx,1986,32.96495
Luapula,txx,1987,33.34439
Luapula,txx,1988,32.76939
Luapula,txx,1989,34.0145
Luapula,txx,1990,33.2772
Luapula,txx,1991,32.61987
Luapula,txx,1992,33.13002
Luapula,txx,1993,34.15187
Luapula,txx,1994,33.5687
Luapula,txx,1995,33.55338
Luapula,txx,1996,33.53661
Luapula,txx,1997,34.24694
Luapula,txx,1998,34.54744
Luapula,txx,1999,34.11654
Luapula,txx,2000,33.623
Luapula,txx,2001,33.45933
Luapula,txx,2002,33.92296
Luapula,txx,2003,34.85668
Luapula,txx,2004,34.5506
Luapula,txx,2005,33.86156
Luapula,txx,2006,33.87738
Luapula,txx,2007,34.2892
Luapula,txx,2008,34.72649
Luapula,txx,2009,33.82825
Luapula,txx,2010,34.65257
Luapula,txx,2011,34.12529
Luapula,txx,2012,34.00484
Luapula,txx,2013,34.37307
Luapula,txx,2014,34.87559
Luapula,txx,2015,33.9778
Luapula,txx,2016,34.82687
Luapula,txx,2017,34.39968
Luapula,txx,2018,33.69505
Luapula,txx,2019,34.32122
Luapula,txx,2020,34.4923
Luapula,txx,2021,34.28947
Luapula,txx,2022,33.85487
Luapula,txx,2023,35.09685
Luapula,txx,2024,34.05659
Luapula,txx,2025,33.39732
Luapula,tx90p,1981,5.591881
Luapula,tx90p,1982,5.927355
Luapula,tx90p,1983,13.12462
Luapula,tx90p,1984,5.7375
Luapula,tx90p,1985,2.507598
Luapula,tx90p,1986,1.3316
Luapula,tx90p,1987,11.3268
Luapula,tx90p,1988,9.853429
Luapula,tx90p,1989,2.651318
Luapula,tx90p,1990,7.224233
Luapula,tx90p,1991,3.517643
Luapula,tx90p,1992,9.487497
Luapula,tx90p,1993,6.283524
Luapula,tx90p,1994,9.304464
Luapula,tx90p,1995,10.93597
Luapula,tx90p,1996,8.517172
Luapula,tx90p,1997,12.32326
Luapula,tx90p,1998,19.68283
Luapula,tx90p,1999,8.905558
Luapula,tx90p,2000,5.716602
Luapula,tx90p,2001,7.483371
Luapula,tx90p,2002,8.518023
Luapula,tx90p,2003,9.431712
Luapula,tx90p,2004,5.321549
Luapula,tx90p,2005,19.95739
Luapula,tx90p,2006,6.896998
Luapula,tx90p,2007,13.34982
Luapula,tx90p,2008,9.993888
Luapula,tx90p,2009,8.645321
Luapula,tx90p,2010,14.29405
Luapula,tx90p,2011,7.277789
Luapula,tx90p,2012,5.720139
Luapula,tx90p,2013,10.46175
Luapula,tx90p,2014,12.07446
Luapula,tx90p,2015,9.710146
Luapula,tx90p,2016,16.07188
Luapula,tx90p,2017,5.462002
Luapula,tx90p,2018,7.715972
Luapula,tx90p,2019,13.99418
Luapula,tx90p,2020,9.443064
Luapula,tx90p,2021,11.59037
Luapula,tx90p,2022,4.311889
Luapula,tx90p,2023,16.70248
Luapula,tx90p,2024,13.18226
Luapula,tx90p,2025,7.816029
Luapula,su35,1981,0.2148517
Luapula,su35,1982,0.01530021
Luapula,su35,1983,0.3996782
Luapula,su35,1984,0.1072699
Luapula,su35,1985,0
Luapula,su35,1986,0.01531456
Luapula,su35,1987,0.06140439
Luapula,su35,1988,0
Luapula,su35,1989,0.3374534
Luapula,su35,1990,0.01541883
Luapula,su35,1991,0
Luapula,su35,1992,0.04591497
Luapula,su35,1993,0.4775187
Luapula,su35,1994,0.06152214
Luapula,su35,1995,0.1996209
Luapula,su35,1996,0.1839089
Luapula,su35,1997,0.8019761
Luapula,su35,1998,3.159705
Luapula,su35,1999,0.9968469
Luapula,su35,2000,0.1543471
Luapula,su35,2001,0.1234538
Luapula,su35,2002,0.1383436
Luapula,su35,2003,1.462436
Luapula,su35,2004,0.6602817
Luapula,su35,2005,0.2300971
Luapula,su35,2006,0.3703478
Luapula,su35,2007,0.6154144
Luapula,su35,2008,2.045973
Luapula,su35,2009,0.3084789
Luapula,su35,2010,3.040652
Luapula,su35,2011,0.9502061
Luapula,su35,2012,0.5373206
Luapula,su35,2013,1.167031
Luapula,su35,2014,2.428794
Luapula,su35,2015,0.4306571
Luapula,su35,2016,3.089358
Luapula,su35,2017,0.7355548
Luapula,su35,2018,0.2154398
Luapula,su35,2019,1.809266
Luapula,su35,2020,1.428281
Luapula,su35,2021,0.8898166
Luapula,su35,2022,0.4297739
Luapula,su35,2023,2.68583
Luapula,su35,2024,0.4295607
Luapula,su35,2025,0.06169877
Luapula,wsdi,1981,2.299386
Luapula,wsdi,1982,0.2456216
Luapula,wsdi,1983,12.54815
Luapula,wsdi,1984,3.024951
Luapula,wsdi,1985,0
Luapula,wsdi,1986,0
Luapula,wsdi,1987,7.80344
Luapula,wsdi,1988,0.6009775
Luapula,wsdi,1989,0.2768729
Luapula,wsdi,1990,2.24039
Luapula,wsdi,1991,0
Luapula,wsdi,1992,2.0021
Luapula,wsdi,1993,3.884073
Luapula,wsdi,1994,5.692522
Luapula,wsdi,1995,9.851861
Luapula,wsdi,1996,1.84834
Luapula,wsdi,1997,7.109554
Luapula,wsdi,1998,18.23956
Luapula,wsdi,1999,7.042969
Luapula,wsdi,2000,2.175479
Luapula,wsdi,2001,4.975216
Luapula,wsdi,2002,8.566383
Luapula,wsdi,2003,1.514087
Luapula,wsdi,2004,0.5843247
Luapula,wsdi,2005,16.60562
Luapula,wsdi,2006,0
Luapula,wsdi,2007,5.308397
Luapula,wsdi,2008,3.087731
Luapula,wsdi,2009,1.697346
Luapula,wsdi,2010,6.971612
Luapula,wsdi,2011,0.8643196
Luapula,wsdi,2012,0
Luapula,wsdi,2013,0.8444183
Luapula,wsdi,2014,0.5538167
Luapula,wsdi,2015,1.049277
Luapula,wsdi,2016,7.795766
Luapula,wsdi,2017,0.3685388
Luapula,wsdi,2018,4.401854
Luapula,wsdi,2019,2.029992
Luapula,wsdi,2020,2.011808
Luapula,wsdi,2021,20.90091
Luapula,wsdi,2022,0
Luapula,wsdi,2023,10.27575
Luapula,wsdi,2024,10.01205
Luapula,wsdi,2025,1.892425
Lusaka,txm,1981,26.67022
Lusaka,txm,1982,26.88615
Lusaka,txm,1983,28.23107
Lusaka,txm,1984,27.40088
Lusaka,txm,1985,26.33148
Lusaka,txm,1986,26.23682
Lusaka,txm,1987,28.38984
Lusaka,txm,1988,27.15694
Lusaka,txm,1989,26.94911
Lusaka,txm,1990,27.54782
Lusaka,txm,1991,27.49737
Lusaka,txm,1992,28.6422
Lusaka,txm,1993,27.25774
Lusaka,txm,1994,28.0263
Lusaka,txm,1995,28.4138
Lusaka,txm,1996,27.62398
Lusaka,txm,1997,26.92562
Lusaka,txm,1998,28.00089
Lusaka,txm,1999,26.8853
Lusaka,txm,2000,26.47592
Lusaka,txm,2001,26.83809
Lusaka,txm,2002,27.48236
Lusaka,txm,2003,27.22034
Lusaka,txm,2004,26.75277
Lusaka,txm,2005,28.30789
Lusaka,txm,2006,26.93904
Lusaka,txm,2007,26.86352
Lusaka,txm,2008,26.97771
Lusaka,txm,2009,26.29166
Lusaka,txm,2010,26.81188
Lusaka,txm,2011,27.29708
Lusaka,txm,2012,27.41918
Lusaka,txm,2013,27.70244
Lusaka,txm,2014,27.80733
Lusaka,txm,2015,27.69651
Lusaka,txm,2016,27.95215
Lusaka,txm,2017,26.65503
Lusaka,txm,2018,27.61517
Lusaka,txm,2019,28.41936
Lusaka,txm,2020,27.73241
Lusaka,txm,2021,27.41299
Lusaka,txm,2022,27.02704
Lusaka,txm,2023,28.46256
Lusaka,txm,2024,29.19749
Lusaka,txm,2025,27.52654
Lusaka,txx,1981,37.00664
Lusaka,txx,1982,35.0793
Lusaka,txx,1983,36.49755
Lusaka,txx,1984,36.39017
Lusaka,txx,1985,34.05064
Lusaka,txx,1986,35.54013
Lusaka,txx,1987,38.77479
Lusaka,txx,1988,36.38882
Lusaka,txx,1989,36.73843
Lusaka,txx,1990,37.79581
Lusaka,txx,1991,35.7277
Lusaka,txx,1992,38.46386
Lusaka,txx,1993,36.80077
Lusaka,txx,1994,38.19774
Lusaka,txx,1995,37.52612
Lusaka,txx,1996,37.67291
Lusaka,txx,1997,37.13279
Lusaka,txx,1998,38.47554
Lusaka,txx,1999,36.77945
Lusaka,txx,2000,35.66197
Lusaka,txx,2001,36.19719
Lusaka,txx,2002,35.39689
Lusaka,txx,2003,37.55996
Lusaka,txx,2004,36.68644
Lusaka,txx,2005,37.8396
Lusaka,txx,2006,36.62288
Lusaka,txx,2007,35.56493
Lusaka,txx,2008,36.70377
Lusaka,txx,2009,34.98773
Lusaka,txx,2010,37.15863
Lusaka,txx,2011,38.92776
Lusaka,txx,2012,37.06929
Lusaka,txx,2013,37.39703
Lusaka,txx,2014,37.48349
Lusaka,txx,2015,38.05827
Lusaka,txx,2016,37.12564
Lusaka,txx,2017,38.37813
Lusaka,txx,2018,36.7844
Lusaka,txx,2019,39.32741
Lusaka,txx,2020,38.04606
Lusaka,txx,2021,37.87913
Lusaka,txx,2022,36.32635
Lusaka,txx,2023,38.01345
Lusaka,txx,2024,38.13582
Lusaka,txx,2025,37.67533
Lusaka,tx90p,1981,5.991193
Lusaka,tx90p,1982,7.542509
Lusaka,tx90p,1983,21.34247
Lusaka,tx90p,1984,10.63832
Lusaka,tx90p,1985,2.282927
Lusaka,tx90p,1986,3.278571
Lusaka,tx90p,1987,22.67617
Lusaka,tx90p,1988,8.442914
Lusaka,tx90p,1989,7.203935
Lusaka,tx90p,1990,11.95404
Lusaka,tx90p,1991,7.424699
Lusaka,tx90p,1992,26.66706
Lusaka,tx90p,1993,6.985925
Lusaka,tx90p,1994,21.43483
Lusaka,tx90p,1995,20.87737
Lusaka,tx90p,1996,10.05458
Lusaka,tx90p,1997,7.141724
Lusaka,tx90p,1998,13.74359
Lusaka,tx90p,1999,6.191722
Lusaka,tx90p,2000,2.605028
Lusaka,tx90p,2001,3.341651
Lusaka,tx90p,2002,8.911993
Lusaka,tx90p,2003,7.998644
Lusaka,tx90p,2004,3.789081
Lusaka,tx90p,2005,18.18544
Lusaka,tx90p,2006,4.530167
Lusaka,tx90p,2007,5.853495
Lusaka,tx90p,2008,5.827793
Lusaka,tx90p,2009,2.310353
Lusaka,tx90p,2010,3.588979
Lusaka,tx90p,2011,6.520494
Lusaka,tx90p,2012,5.510325
Lusaka,tx90p,2013,12.34713
Lusaka,tx90p,2014,11.75445
Lusaka,tx90p,2015,9.552402
Lusaka,tx90p,2016,14.51948
Lusaka,tx90p,2017,2.31942
Lusaka,tx90p,2018,10.28257
Lusaka,tx90p,2019,21.27595
Lusaka,tx90p,2020,14.63541
Lusaka,tx90p,2021,10.28234
Lusaka,tx90p,2022,3.178334
Lusaka,tx90p,2023,22.20798
Lusaka,tx90p,2024,37.66456
Lusaka,tx90p,2025,10.73804
Lusaka,su35,1981,10.70472
Lusaka,su35,1982,5.535173
Lusaka,su35,1983,15.67168
Lusaka,su35,1984,13.10733
Lusaka,su35,1985,1.968347
Lusaka,su35,1986,2.434628
Lusaka,su35,1987,17.37301
Lusaka,su35,1988,7.403365
Lusaka,su35,1989,12.6032
Lusaka,su35,1990,16.3054
Lusaka,su35,1991,10.33757
Lusaka,su35,1992,28.57248
Lusaka,su35,1993,11.03875
Lusaka,su35,1994,25.77246
Lusaka,su35,1995,24.00704
Lusaka,su35,1996,25.13945
Lusaka,su35,1997,11.13666
Lusaka,su35,1998,20.77242
Lusaka,su35,1999,12.47282
Lusaka,su35,2000,4.569002
Lusaka,su35,2001,8.035133
Lusaka,su35,2002,10.30562
Lusaka,su35,2003,14.338
Lusaka,su35,2004,8.569942
Lusaka,su35,2005,18.67277
Lusaka,su35,2006,12.03803
Lusaka,su35,2007,7.836448
Lusaka,su35,2008,12.90408
Lusaka,su35,2009,3.501918
Lusaka,su35,2010,14.20485
Lusaka,su35,2011,17.03625
Lusaka,su35,2012,18.53998
Lusaka,su35,2013,22.241
Lusaka,su35,2014,25.40915
Lusaka,su35,2015,21.77317
Lusaka,su35,2016,25.47458
Lusaka,su35,2017,11.2032
Lusaka,su35,2018,11.70383
Lusaka,su35,2019,21.83746
Lusaka,su35,2020,21.47256
Lusaka,su35,2021,23.40664
Lusaka,su35,2022,11.07133
Lusaka,su35,2023,27.37313
Lusaka,su35,2024,31.20056
Lusaka,su35,2025,14.36919
Lusaka,wsdi,1981,12.53397
Lusaka,wsdi,1982,13.12794
Lusaka,wsdi,1983,24.56964
Lusaka,wsdi,1984,11.03405
Lusaka,wsdi,1985,0
Lusaka,wsdi,1986,2.3327
Lusaka,wsdi,1987,39.73138
Lusaka,wsdi,1988,0.9660182
Lusaka,wsdi,1989,0.8010569
Lusaka,wsdi,1990,9.900076
Lusaka,wsdi,1991,0
Lusaka,wsdi,1992,48.57201
Lusaka,wsdi,1993,7.131876
Lusaka,wsdi,1994,37.30128
Lusaka,wsdi,1995,27.26329
Lusaka,wsdi,1996,0.7989128
Lusaka,wsdi,1997,9.899838
Lusaka,wsdi,1998,14.36617
Lusaka,wsdi,1999,11.13635
Lusaka,wsdi,2000,0.9994903
Lusaka,wsdi,2001,0
Lusaka,wsdi,2002,1.633237
Lusaka,wsdi,2003,2.497796
Lusaka,wsdi,2004,0
Lusaka,wsdi,2005,13.17314
Lusaka,wsdi,2006,0
Lusaka,wsdi,2007,2.264679
Lusaka,wsdi,2008,6.664823
Lusaka,wsdi,2009,0
Lusaka,wsdi,2010,0
Lusaka,wsdi,2011,3.601928
Lusaka,wsdi,2012,0
Lusaka,wsdi,2013,2.299351
Lusaka,wsdi,2014,9.298821
Lusaka,wsdi,2015,8.500456
Lusaka,wsdi,2016,11.00164
Lusaka,wsdi,2017,0
Lusaka,wsdi,2018,8.867175
Lusaka,wsdi,2019,31.32387
Lusaka,wsdi,2020,0.5990627
Lusaka,wsdi,2021,16.59953
Lusaka,wsdi,2022,0
Lusaka,wsdi,2023,32.89341
Lusaka,wsdi,2024,93.55311
Lusaka,wsdi,2025,1.39967
Muchinga,txm,1981,26.75236
Muchinga,txm,1982,26.17218
Muchinga,txm,1983,27.31963
Muchinga,txm,1984,26.24546
Muchinga,txm,1985,25.68018
Muchinga,txm,1986,25.93299
Muchinga,txm,1987,27.14954
Muchinga,txm,1988,26.71005
Muchinga,txm,1989,25.87322
Muchinga,txm,1990,26.90939
Muchinga,txm,1991,26.51807
Muchinga,txm,1992,27.26338
Muchinga,txm,1993,26.72617
Muchinga,txm,1994,26.87931
Muchinga,txm,1995,27.21367
Muchinga,txm,1996,26.93745
Muchinga,txm,1997,26.74808
Muchinga,txm,1998,27.29772
Muchinga,txm,1999,26.6224
Muchinga,txm,2000,26.53111
Muchinga,txm,2001,26.54362
Muchinga,txm,2002,26.40533
Muchinga,txm,2003,26.6563
Muchinga,txm,2004,26.34146
Muchinga,txm,2005,27.62795
Muchinga,txm,2006,26.59832
Muchinga,txm,2007,26.67964
Muchinga,txm,2008,26.45403
Muchinga,txm,2009,26.38073
Muchinga,txm,2010,26.87243
Muchinga,txm,2011,26.60317
Muchinga,txm,2012,26.72131
Muchinga,txm,2013,27.16874
Muchinga,txm,2014,27.06173
Muchinga,txm,2015,27.29277
Muchinga,txm,2016,27.25837
Muchinga,txm,2017,26.81083
Muchinga,txm,2018,26.80776
Muchinga,txm,2019,27.01911
Muchinga,txm,2020,26.66467
Muchinga,txm,2021,26.8383
Muchinga,txm,2022,26.30699
Muchinga,txm,2023,27.20045
Muchinga,txm,2024,26.82619
Muchinga,txm,2025,26.38871
Muchinga,txx,1981,34.55819
Muchinga,txx,1982,34.26701
Muchinga,txx,1983,35.20606
Muchinga,txx,1984,34.0718
Muchinga,txx,1985,33.19295
Muchinga,txx,1986,33.60727
Muchinga,txx,1987,34.49725
Muchinga,txx,1988,33.52571
Muchinga,txx,1989,34.23884
Muchinga,txx,1990,34.67318
Muchinga,txx,1991,32.99633
Muchinga,txx,1992,34.66675
Muchinga,txx,1993,33.86591
Muchinga,txx,1994,34.38676
Muchinga,txx,1995,34.52808
Muchinga,txx,1996,34.21456
Muchinga,txx,1997,34.44217
Muchinga,txx,1998,35.19983
Muchinga,txx,1999,35.09547
Muchinga,txx,2000,33.92801
Muchinga,txx,2001,33.29807
Muchinga,txx,2002,34.22465
Muchinga,txx,2003,34.43885
Muchinga,txx,2004,34.66153
Muchinga,txx,2005,34.77303
Muchinga,txx,2006,34.18899
Muchinga,txx,2007,34.18734
Muchinga,txx,2008,34.1326
Muchinga,txx,2009,33.37432
Muchinga,txx,2010,34.94075
Muchinga,txx,2011,35.38189
Muchinga,txx,2012,34.84513
Muchinga,txx,2013,35.58692
Muchinga,txx,2014,35.35994
Muchinga,txx,2015,34.87508
Muchinga,txx,2016,35.02047
Muchinga,txx,2017,36.73059
Muchinga,txx,2018,34.62766
Muchinga,txx,2019,35.98954
Muchinga,txx,2020,34.93663
Muchinga,txx,2021,35.411
Muchinga,txx,2022,34.31961
Muchinga,txx,2023,36.29543
Muchinga,txx,2024,34.62125
Muchinga,txx,2025,33.98045
Muchinga,tx90p,1981,8.350375
Muchinga,tx90p,1982,6.451369
Muchinga,tx90p,1983,17.57231
Muchinga,tx90p,1984,5.165685
Muchinga,tx90p,1985,2.834949
Muchinga,tx90p,1986,1.917338
Muchinga,tx90p,1987,11.31447
Muchinga,tx90p,1988,9.802797
Muchinga,tx90p,1989,1.885812
Muchinga,tx90p,1990,10.94857
Muchinga,tx90p,1991,5.086483
Muchinga,tx90p,1992,18.44097
Muchinga,tx90p,1993,8.613496
Muchinga,tx90p,1994,12.83744
Muchinga,tx90p,1995,11.80459
Muchinga,tx90p,1996,9.131458
Muchinga,tx90p,1997,12.28436
Muchinga,tx90p,1998,15.62665
Muchinga,tx90p,1999,8.914243
Muchinga,tx90p,2000,7.33178
Muchinga,tx90p,2001,5.150068
Muchinga,tx90p,2002,5.683539
Muchinga,tx90p,2003,5.697475
Muchinga,tx90p,2004,5.383945
Muchinga,tx90p,2005,20.68638
Muchinga,tx90p,2006,7.334173
Muchinga,tx90p,2007,7.983057
Muchinga,tx90p,2008,5.523581
Muchinga,tx90p,2009,5.655389
Muchinga,tx90p,2010,8.615036
Muchinga,tx90p,2011,6.624369
Muchinga,tx90p,2012,6.58169
Muchinga,tx90p,2013,14.40942
Muchinga,tx90p,2014,12.43771
Muchinga,tx90p,2015,13.64127
Muchinga,tx90p,2016,15.39768
Muchinga,tx90p,2017,7.27428
Muchinga,tx90p,2018,9.253195
Muchinga,tx90p,2019,14.04564
Muchinga,tx90p,2020,9.290183
Muchinga,tx90p,2021,11.90743
Muchinga,tx90p,2022,4.127142
Muchinga,tx90p,2023,16.43506
Muchinga,tx90p,2024,13.6816
Muchinga,tx90p,2025,8.289598
Muchinga,su35,1981,9.155821
Muchinga,su35,1982,4.197257
Muchinga,su35,1983,10.39856
Muchinga,su35,1984,5.732196
Muchinga,su35,1985,2.342691
Muchinga,su35,1986,2.161541
Muchinga,su35,1987,8.700686
Muchinga,su35,1988,4.896259
Muchinga,su35,1989,3.943001
Muchinga,su35,1990,7.896476
Muchinga,su35,1991,5.107162
Muchinga,su35,1992,8.743675
Muchinga,su35,1993,6.835957
Muchinga,su35,1994,6.79503
Muchinga,su35,1995,10.04825
Muchinga,su35,1996,9.475187
Muchinga,su35,1997,5.534124
Muchinga,su35,1998,9.44556
Muchinga,su35,1999,8.682343
Muchinga,su35,2000,4.440435
Muchinga,su35,2001,5.986998
Muchinga,su35,2002,5.82867
Muchinga,su35,2003,6.930634
Muchinga,su35,2004,4.568846
Muchinga,su35,2005,9.085381
Muchinga,su35,2006,6.475581
Muchinga,su35,2007,5.373563
Muchinga,su35,2008,6.845865
Muchinga,su35,2009,4.131885
Muchinga,su35,2010,8.735856
Muchinga,su35,2011,6.361963
Muchinga,su35,2012,8.681277
Muchinga,su35,2013,10.94325
Muchinga,su35,2014,12.84706
Muchinga,su35,2015,11.45674
Muchinga,su35,2016,11.70171
Muchinga,su35,2017,9.322994
Muchinga,su35,2018,8.160674
Muchinga,su35,2019,10.5663
Muchinga,su35,2020,8.511956
Muchinga,su35,2021,12.93715
Muchinga,su35,2022,7.206344
Muchinga,su35,2023,12.37816
Muchinga,su35,2024,9.346285
Muchinga,su35,2025,4.662293
Muchinga,wsdi,1981,7.266794
Muchinga,wsdi,1982,4.872671
Muchinga,wsdi,1983,15.93329
Muchinga,wsdi,1984,2.478699
Muchinga,wsdi,1985,0
Muchinga,wsdi,1986,0
Muchinga,wsdi,1987,10.22461
Muchinga,wsdi,1988,1.173801
Muchinga,wsdi,1989,0
Muchinga,wsdi,1990,8.087423
Muchinga,wsdi,1991,0.09562477
Muchinga,wsdi,1992,22.24335
Muchinga,wsdi,1993,7.595247
Muchinga,wsdi,1994,8.092602
Muchinga,wsdi,1995,8.652104
Muchinga,wsdi,1996,3.535079
Muchinga,wsdi,1997,6.866031
Muchinga,wsdi,1998,12.75452
Muchinga,wsdi,1999,8.889349
Muchinga,wsdi,2000,2.810602
Muchinga,wsdi,2001,0.1061523
Muchinga,wsdi,2002,3.796867
Muchinga,wsdi,2003,1.476676
Muchinga,wsdi,2004,0.9386128
Muchinga,wsdi,2005,16.48833
Muchinga,wsdi,2006,0.9586765
Muchinga,wsdi,2007,0.893079
Muchinga,wsdi,2008,0
Muchinga,wsdi,2009,1.411601
Muchinga,wsdi,2010,3.157176
Muchinga,wsdi,2011,0.6460868
Muchinga,wsdi,2012,0.0638071
Muchinga,wsdi,2013,5.829351
Muchinga,wsdi,2014,4.289049
Muchinga,wsdi,2015,5.653892
Muchinga,wsdi,2016,7.202153
Muchinga,wsdi,2017,1.468046
Muchinga,wsdi,2018,7.729696
Muchinga,wsdi,2019,12.34184
Muchinga,wsdi,2020,2.717161
Muchinga,wsdi,2021,24.59685
Muchinga,wsdi,2022,0
Muchinga,wsdi,2023,13.47037
Muchinga,wsdi,2024,21.45865
Muchinga,wsdi,2025,1.496789
North-Western,txm,1981,27.22437
North-Western,txm,1982,27.01736
North-Western,txm,1983,27.86098
North-Western,txm,1984,27.09405
North-Western,txm,1985,26.74663
North-Western,txm,1986,26.47935
North-Western,txm,1987,27.96886
North-Western,txm,1988,27.22417
North-Western,txm,1989,27.05775
North-Western,txm,1990,27.42787
North-Western,txm,1991,27.30571
North-Western,txm,1992,27.71499
North-Western,txm,1993,27.17274
North-Western,txm,1994,27.71342
North-Western,txm,1995,28.1519
North-Western,txm,1996,28.00217
North-Western,txm,1997,27.67437
North-Western,txm,1998,28.44766
North-Western,txm,1999,27.28344
North-Western,txm,2000,27.36726
North-Western,txm,2001,27.38123
North-Western,txm,2002,27.63545
North-Western,txm,2003,27.78566
North-Western,txm,2004,27.31945
North-Western,txm,2005,28.42925
North-Western,txm,2006,27.39387
North-Western,txm,2007,27.64571
North-Western,txm,2008,27.72836
North-Western,txm,2009,27.46266
North-Western,txm,2010,27.72138
North-Western,txm,2011,27.5033
North-Western,txm,2012,27.63593
North-Western,txm,2013,27.75806
North-Western,txm,2014,27.76606
North-Western,txm,2015,27.91392
North-Western,txm,2016,28.1579
North-Western,txm,2017,27.43677
North-Western,txm,2018,27.8289
North-Western,txm,2019,28.16007
North-Western,txm,2020,27.5123
North-Western,txm,2021,27.48725
North-Western,txm,2022,27.04486
North-Western,txm,2023,28.08374
North-Western,txm,2024,28.59563
North-Western,txm,2025,27.3095
North-Western,txx,1981,34.2899
North-Western,txx,1982,32.92614
North-Western,txx,1983,34.53402
North-Western,txx,1984,33.98928
North-Western,txx,1985,33.248
North-Western,txx,1986,33.54427
North-Western,txx,1987,34.60364
North-Western,txx,1988,33.24012
North-Western,txx,1989,34.38425
North-Western,txx,1990,34.46408
North-Western,txx,1991,34.28256
North-Western,txx,1992,34.39675
North-Western,txx,1993,35.47035
North-Western,txx,1994,34.59471
North-Western,txx,1995,35.55557
North-Western,txx,1996,35.2686
North-Western,txx,1997,35.62521
North-Western,txx,1998,35.94483
North-Western,txx,1999,35.15739
North-Western,txx,2000,34.88964
North-Western,txx,2001,34.896
North-Western,txx,2002,35.19223
North-Western,txx,2003,36.72513
North-Western,txx,2004,35.03077
North-Western,txx,2005,35.13656
North-Western,txx,2006,34.47589
North-Western,txx,2007,34.88866
North-Western,txx,2008,36.75579
North-Western,txx,2009,35.2176
North-Western,txx,2010,36.06706
North-Western,txx,2011,35.47295
North-Western,txx,2012,35.41673
North-Western,txx,2013,36.29806
North-Western,txx,2014,35.72269
North-Western,txx,2015,35.33716
North-Western,txx,2016,36.58342
North-Western,txx,2017,35.44411
North-Western,txx,2018,34.66864
North-Western,txx,2019,35.3952
North-Western,txx,2020,36.05866
North-Western,txx,2021,35.45475
North-Western,txx,2022,34.44658
North-Western,txx,2023,35.95125
North-Western,txx,2024,36.16727
North-Western,txx,2025,35.26515
North-Western,tx90p,1981,4.836495
North-Western,tx90p,1982,7.799821
North-Western,tx90p,1983,13.52032
North-Western,tx90p,1984,3.094622
North-Western,tx90p,1985,2.356697
North-Western,tx90p,1986,2.064013
North-Western,tx90p,1987,15.02647
North-Western,tx90p,1988,5.892172
North-Western,tx90p,1989,5.652591
North-Western,tx90p,1990,7.267238
North-Western,tx90p,1991,5.282027
North-Western,tx90p,1992,9.779415
North-Western,tx90p,1993,4.645134
North-Western,tx90p,1994,14.25371
North-Western,tx90p,1995,13.23061
North-Western,tx90p,1996,10.73481
North-Western,tx90p,1997,11.08489
North-Western,tx90p,1998,18.6753
North-Western,tx90p,1999,6.845654
North-Western,tx90p,2000,4.118349
North-Western,tx90p,2001,8.384809
North-Western,tx90p,2002,10.68439
North-Western,tx90p,2003,11.34586
North-Western,tx90p,2004,5.147193
North-Western,tx90p,2005,17.11736
North-Western,tx90p,2006,4.637358
North-Western,tx90p,2007,8.798984
North-Western,tx90p,2008,12.13005
North-Western,tx90p,2009,7.000859
North-Western,tx90p,2010,8.349128
North-Western,tx90p,2011,6.453115
North-Western,tx90p,2012,5.471128
North-Western,tx90p,2013,9.84347
North-Western,tx90p,2014,9.836417
North-Western,tx90p,2015,12.8653
North-Western,tx90p,2016,19.78047
North-Western,tx90p,2017,5.486104
North-Western,tx90p,2018,10.25747
North-Western,tx90p,2019,15.76629
North-Western,tx90p,2020,8.433169
North-Western,tx90p,2021,9.647302
North-Western,tx90p,2022,2.369383
North-Western,tx90p,2023,18.55472
North-Western,tx90p,2024,27.54679
North-Western,tx90p,2025,8.603035
North-Western,su35,1981,0.8343407
North-Western,su35,1982,0
North-Western,su35,1983,1.890358
North-Western,su35,1984,0.1273157
North-Western,su35,1985,0.02896979
North-Western,su35,1986,0.0463629
North-Western,su35,1987,2.28795
North-Western,su35,1988,0
North-Western,su35,1989,0.4522978
North-Western,su35,1990,1.280629
North-Western,su35,1991,0.6031814
North-Western,su35,1992,0.8401969
North-Western,su35,1993,1.57297
North-Western,su35,1994,0.8641803
North-Western,su35,1995,6.706499
North-Western,su35,1996,6.343837
North-Western,su35,1997,4.265993
North-Western,su35,1998,7.018824
North-Western,su35,1999,2.99296
North-Western,su35,2000,3.888943
North-Western,su35,2001,3.30818
North-Western,su35,2002,2.76739
North-Western,su35,2003,9.399399
North-Western,su35,2004,2.244953
North-Western,su35,2005,5.225486
North-Western,su35,2006,0.8931056
North-Western,su35,2007,1.414844
North-Western,su35,2008,11.55893
North-Western,su35,2009,3.61576
North-Western,su35,2010,11.71869
North-Western,su35,2011,3.840252
North-Western,su35,2012,3.882038
North-Western,su35,2013,7.220276
North-Western,su35,2014,8.500632
North-Western,su35,2015,5.90735
North-Western,su35,2016,17.49534
North-Western,su35,2017,3.955672
North-Western,su35,2018,2.947633
North-Western,su35,2019,6.732878
North-Western,su35,2020,9.080153
North-Western,su35,2021,2.546136
North-Western,su35,2022,0.9102327
North-Western,su35,2023,8.406602
North-Western,su35,2024,9.143468
North-Western,su35,2025,6.005723
North-Western,wsdi,1981,1.158375
North-Western,wsdi,1982,9.346603
North-Western,wsdi,1983,15.85806
North-Western,wsdi,1984,2.079637
North-Western,wsdi,1985,0.03485919
North-Western,wsdi,1986,2.78218
North-Western,wsdi,1987,17.15587
North-Western,wsdi,1988,0.1108954
North-Western,wsdi,1989,3.608861
North-Western,wsdi,1990,0.1163039
North-Western,wsdi,1991,0.5281006
North-Western,wsdi,1992,8.222234
North-Western,wsdi,1993,2.108663
North-Western,wsdi,1994,17.49543
North-Western,wsdi,1995,11.4602
North-Western,wsdi,1996,9.982362
North-Western,wsdi,1997,8.648384
North-Western,wsdi,1998,19.48027
North-Western,wsdi,1999,5.118962
North-Western,wsdi,2000,1.122638
North-Western,wsdi,2001,9.857912
North-Western,wsdi,2002,10.11458
North-Western,wsdi,2003,8.343457
North-Western,wsdi,2004,0
North-Western,wsdi,2005,7.805755
North-Western,wsdi,2006,0
North-Western,wsdi,2007,7.153147
North-Western,wsdi,2008,13.97808
North-Western,wsdi,2009,0
North-Western,wsdi,2010,1.479286
North-Western,wsdi,2011,0
North-Western,wsdi,2012,1.373412
North-Western,wsdi,2013,0.07579363
North-Western,wsdi,2014,0.4829152
North-Western,wsdi,2015,7.784195
North-Western,wsdi,2016,18.07492
North-Western,wsdi,2017,0
North-Western,wsdi,2018,12.05578
North-Western,wsdi,2019,8.160028
North-Western,wsdi,2020,3.404481
North-Western,wsdi,2021,14.5761
North-Western,wsdi,2022,0
North-Western,wsdi,2023,20.82749
North-Western,wsdi,2024,55.37373
North-Western,wsdi,2025,3.338686
Northern,txm,1981,26.48454
Northern,txm,1982,26.05794
Northern,txm,1983,26.87278
Northern,txm,1984,26.10621
Northern,txm,1985,25.7306
Northern,txm,1986,25.86939
Northern,txm,1987,26.64638
Northern,txm,1988,26.59029
Northern,txm,1989,25.90169
Northern,txm,1990,26.49317
Northern,txm,1991,26.16873
Northern,txm,1992,26.60387
Northern,txm,1993,26.64507
Northern,txm,1994,26.59542
Northern,txm,1995,26.96008
Northern,txm,1996,26.86764
Northern,txm,1997,26.85213
Northern,txm,1998,27.31919
Northern,txm,1999,26.60369
Northern,txm,2000,26.82552
Northern,txm,2001,26.55649
Northern,txm,2002,26.62498
Northern,txm,2003,26.89171
Northern,txm,2004,26.58385
Northern,txm,2005,27.57145
Northern,txm,2006,26.69166
Northern,txm,2007,27.04409
Northern,txm,2008,26.62085
Northern,txm,2009,26.7823
Northern,txm,2010,27.15501
Northern,txm,2011,26.59561
Northern,txm,2012,26.76721
Northern,txm,2013,27.04469
Northern,txm,2014,26.90232
Northern,txm,2015,27.06566
Northern,txm,2016,27.23814
Northern,txm,2017,26.77234
Northern,txm,2018,26.6217
Northern,txm,2019,27.11749
Northern,txm,2020,26.64637
Northern,txm,2021,26.79084
Northern,txm,2022,26.34633
Northern,txm,2023,27.05398
Northern,txm,2024,26.54802
Northern,txm,2025,26.40558
Northern,txx,1981,32.70426
Northern,txx,1982,32.055
Northern,txx,1983,33.10034
Northern,txx,1984,32.59983
Northern,txx,1985,31.51193
Northern,txx,1986,32.01336
Northern,txx,1987,32.40487
Northern,txx,1988,32.26867
Northern,txx,1989,33.19992
Northern,txx,1990,32.64309
Northern,txx,1991,31.75114
Northern,txx,1992,32.84218
Northern,txx,1993,33.01831
Northern,txx,1994,32.92056
Northern,txx,1995,32.81359
Northern,txx,1996,32.74335
Northern,txx,1997,33.83278
Northern,txx,1998,33.90065
Northern,txx,1999,33.9301
Northern,txx,2000,33.45828
Northern,txx,2001,32.71571
Northern,txx,2002,33.25626
Northern,txx,2003,33.78186
Northern,txx,2004,34.222
Northern,txx,2005,33.48335
Northern,txx,2006,33.42673
Northern,txx,2007,33.7719
Northern,txx,2008,33.54394
Northern,txx,2009,33.02633
Northern,txx,2010,34.03096
Northern,txx,2011,33.55579
Northern,txx,2012,33.70746
Northern,txx,2013,34.0158
Northern,txx,2014,34.20942
Northern,txx,2015,33.41172
Northern,txx,2016,34.21543
Northern,txx,2017,33.80695
Northern,txx,2018,33.01038
Northern,txx,2019,33.95645
Northern,txx,2020,33.74854
Northern,txx,2021,33.66063
Northern,txx,2022,33.31784
Northern,txx,2023,34.77292
Northern,txx,2024,33.19262
Northern,txx,2025,32.75199
Northern,tx90p,1981,4.923782
Northern,tx90p,1982,4.239893
Northern,tx90p,1983,10.56654
Northern,tx90p,1984,3.636928
Northern,tx90p,1985,2.014329
Northern,tx90p,1986,0.8130043
Northern,tx90p,1987,7.193738
Northern,tx90p,1988,8.134288
Northern,tx90p,1989,1.900933
Northern,tx90p,1990,5.830655
Northern,tx90p,1991,2.881827
Northern,tx90p,1992,7.852069
Northern,tx90p,1993,8.22361
Northern,tx90p,1994,7.603649
Northern,tx90p,1995,10.00798
Northern,tx90p,1996,7.973369
Northern,tx90p,1997,12.56119
Northern,tx90p,1998,17.1068
Northern,tx90p,1999,8.369939
Northern,tx90p,2000,9.335409
Northern,tx90p,2001,6.198286
Northern,tx90p,2002,7.927382
Northern,tx90p,2003,8.835192
Northern,tx90p,2004,5.302297
Northern,tx90p,2005,22.11394
Northern,tx90p,2006,7.908702
Northern,tx90p,2007,13.33281
Northern,tx90p,2008,7.025591
Northern,tx90p,2009,9.568885
Northern,tx90p,2010,13.59423
Northern,tx90p,2011,6.439574
Northern,tx90p,2012,6.783188
Northern,tx90p,2013,11.54716
Northern,tx90p,2014,12.12457
Northern,tx90p,2015,11.36612
Northern,tx90p,2016,15.66188
Northern,tx90p,2017,6.584005
Northern,tx90p,2018,7.668404
Northern,tx90p,2019,16.68325
Northern,tx90p,2020,8.628225
Northern,tx90p,2021,10.77126
Northern,tx90p,2022,5.635199
Northern,tx90p,2023,16.28053
Northern,tx90p,2024,10.06822
Northern,tx90p,2025,8.013095
Northern,su35,1981,0.009853167
Northern,su35,1982,0
Northern,su35,1983,0.1186203
Northern,su35,1984,0
Northern,su35,1985,0
Northern,su35,1986,0
Northern,su35,1987,0.05916918
Northern,su35,1988,0
Northern,su35,1989,0.04935567
Northern,su35,1990,0
Northern,su35,1991,0
Northern,su35,1992,0.009901095
Northern,su35,1993,0.06946343
Northern,su35,1994,0
Northern,su35,1995,0
Northern,su35,1996,0
Northern,su35,1997,0.4764722
Northern,su35,1998,0.4043629
Northern,su35,1999,0.5429797
Northern,su35,2000,0.009922517
Northern,su35,2001,0.05956835
Northern,su35,2002,0.009922517
Northern,su35,2003,0.3860296
Northern,su35,2004,0.3460518
Northern,su35,2005,0.1383691
Northern,su35,2006,0.1092076
Northern,su35,2007,0.1288061
Northern,su35,2008,0.1983518
Northern,su35,2009,0.03969664
Northern,su35,2010,0.8405262
Northern,su35,2011,0.4540219
Northern,su35,2012,0.1185348
Northern,su35,2013,0.3958259
Northern,su35,2014,0.7416505
Northern,su35,2015,0.04963963
Northern,su35,2016,0.7517943
Northern,su35,2017,0.414965
Northern,su35,2018,0.04963963
Northern,su35,2019,0.8887598
Northern,su35,2020,0.3849907
Northern,su35,2021,0.2864359
Northern,su35,2022,0.009901095
Northern,su35,2023,1.512257
Northern,su35,2024,0.07916626
Northern,su35,2025,0
Northern,wsdi,1981,1.106052
Northern,wsdi,1982,0.701149
Northern,wsdi,1983,3.795599
Northern,wsdi,1984,0.6316552
Northern,wsdi,1985,0.2963269
Northern,wsdi,1986,0
Northern,wsdi,1987,2.122471
Northern,wsdi,1988,1.266311
Northern,wsdi,1989,0.1184872
Northern,wsdi,1990,1.592535
Northern,wsdi,1991,0
Northern,wsdi,1992,2.700136
Northern,wsdi,1993,6.808385
Northern,wsdi,1994,1.835569
Northern,wsdi,1995,6.001506
Northern,wsdi,1996,3.394969
Northern,wsdi,1997,5.3639
Northern,wsdi,1998,14.55424
Northern,wsdi,1999,6.391237
Northern,wsdi,2000,7.88167
Northern,wsdi,2001,4.840588
Northern,wsdi,2002,8.808742
Northern,wsdi,2003,1.586741
Northern,wsdi,2004,0.6229064
Northern,wsdi,2005,22.79226
Northern,wsdi,2006,1.537587
Northern,wsdi,2007,4.193756
Northern,wsdi,2008,0
Northern,wsdi,2009,1.893424
Northern,wsdi,2010,6.531502
Northern,wsdi,2011,0.06945761
Northern,wsdi,2012,0
Northern,wsdi,2013,1.721623
Northern,wsdi,2014,2.583836
Northern,wsdi,2015,2.236039
Northern,wsdi,2016,10.57045
Northern,wsdi,2017,0
Northern,wsdi,2018,5.492773
Northern,wsdi,2019,7.581472
Northern,wsdi,2020,3.520434
Northern,wsdi,2021,18.9865
Northern,wsdi,2022,0.1783888
Northern,wsdi,2023,8.945466
Northern,wsdi,2024,9.404101
Northern,wsdi,2025,2.580251
Southern,txm,1981,26.41799
Southern,txm,1982,27.34941
Southern,txm,1983,28.12824
Southern,txm,1984,27.53415
Southern,txm,1985,26.68816
Southern,txm,1986,26.31131
Southern,txm,1987,28.43108
Southern,txm,1988,27.04216
Southern,txm,1989,26.88796
Southern,txm,1990,27.69327
Southern,txm,1991,27.32792
Southern,txm,1992,28.44222
Southern,txm,1993,27.08954
Southern,txm,1994,27.63817
Southern,txm,1995,28.60465
Southern,txm,1996,27.68848
Southern,txm,1997,27.08887
Southern,txm,1998,28.09842
Southern,txm,1999,27.0214
Southern,txm,2000,26.59542
Southern,txm,2001,26.84952
Southern,txm,2002,27.84786
Southern,txm,2003,27.50473
Southern,txm,2004,26.84461
Southern,txm,2005,28.26393
Southern,txm,2006,26.64477
Southern,txm,2007,26.86114
Southern,txm,2008,26.71973
Southern,txm,2009,26.27833
Southern,txm,2010,26.8085
Southern,txm,2011,26.92752
Southern,txm,2012,27.20426
Southern,txm,2013,27.26422
Southern,txm,2014,27.25126
Southern,txm,2015,27.85345
Southern,txm,2016,27.896
Southern,txm,2017,26.73227
Southern,txm,2018,27.73414
Southern,txm,2019,28.98775
Southern,txm,2020,27.5942
Southern,txm,2021,27.41365
Southern,txm,2022,26.70898
Southern,txm,2023,28.38938
Southern,txm,2024,29.42114
Southern,txm,2025,27.55832
Southern,txx,1981,36.26478
Southern,txx,1982,34.56987
Southern,txx,1983,35.7824
Southern,txx,1984,35.26165
Southern,txx,1985,33.99378
Southern,txx,1986,35.04952
Southern,txx,1987,38.06588
Southern,txx,1988,34.97129
Southern,txx,1989,35.85316
Southern,txx,1990,37.39552
Southern,txx,1991,35.06932
Southern,txx,1992,36.80544
Southern,txx,1993,35.46937
Southern,txx,1994,36.61368
Southern,txx,1995,37.61847
Southern,txx,1996,37.13318
Southern,txx,1997,36.72311
Southern,txx,1998,37.43008
Southern,txx,1999,36.19997
Southern,txx,2000,34.79344
Southern,txx,2001,35.46717
Southern,txx,2002,35.51783
Southern,txx,2003,37.77227
Southern,txx,2004,35.63535
Southern,txx,2005,37.0744
Southern,txx,2006,35.58664
Southern,txx,2007,35.56109
Southern,txx,2008,36.12231
Southern,txx,2009,34.50205
Southern,txx,2010,37.04115
Southern,txx,2011,37.79359
Southern,txx,2012,36.10218
Southern,txx,2013,36.51379
Southern,txx,2014,36.15305
Southern,txx,2015,37.06908
Southern,txx,2016,37.23925
Southern,txx,2017,37.84089
Southern,txx,2018,36.07081
Southern,txx,2019,38.60966
Southern,txx,2020,37.38833
Southern,txx,2021,36.50589
Southern,txx,2022,35.4313
Southern,txx,2023,37.22269
Southern,txx,2024,37.89996
Southern,txx,2025,36.17215
Southern,tx90p,1981,4.671785
Southern,tx90p,1982,11.52022
Southern,tx90p,1983,19.88088
Southern,tx90p,1984,12.39072
Southern,tx90p,1985,3.045687
Southern,tx90p,1986,3.584231
Southern,tx90p,1987,24.31379
Southern,tx90p,1988,4.877024
Southern,tx90p,1989,7.720187
Southern,tx90p,1990,12.1061
Southern,tx90p,1991,6.214901
Southern,tx90p,1992,21.0742
Southern,tx90p,1993,6.675716
Southern,tx90p,1994,15.49682
Southern,tx90p,1995,22.55173
Southern,tx90p,1996,11.2965
Southern,tx90p,1997,8.629509
Southern,tx90p,1998,17.13328
Southern,tx90p,1999,7.119675
Southern,tx90p,2000,1.857329
Southern,tx90p,2001,4.909538
Southern,tx90p,2002,16.78341
Southern,tx90p,2003,11.51881
Southern,tx90p,2004,3.004151
Southern,tx90p,2005,18.5849
Southern,tx90p,2006,3.237684
Southern,tx90p,2007,4.863521
Southern,tx90p,2008,4.945088
Southern,tx90p,2009,1.762541
Southern,tx90p,2010,2.975446
Southern,tx90p,2011,4.420084
Southern,tx90p,2012,4.76227
Southern,tx90p,2013,7.334661
Southern,tx90p,2014,6.010194
Southern,tx90p,2015,12.49885
Southern,tx90p,2016,13.72981
Southern,tx90p,2017,3.120266
Southern,tx90p,2018,12.69689
Southern,tx90p,2019,29.12644
Southern,tx90p,2020,12.5083
Southern,tx90p,2021,9.439193
Southern,tx90p,2022,1.708058
Southern,tx90p,2023,23.13544
Southern,tx90p,2024,43.40016
Southern,tx90p,2025,9.950113
Southern,su35,1981,5.571152
Southern,su35,1982,2.809733
Southern,su35,1983,8.470668
Southern,su35,1984,4.648455
Southern,su35,1985,1.157251
Southern,su35,1986,1.75111
Southern,su35,1987,13.47338
Southern,su35,1988,2.908396
Southern,su35,1989,6.295961
Southern,su35,1990,10.91953
Southern,su35,1991,3.899491
Southern,su35,1992,15.22345
Southern,su35,1993,5.307257
Southern,su35,1994,15.00869
Southern,su35,1995,21.65065
Southern,su35,1996,22.29189
Southern,su35,1997,8.730115
Southern,su35,1998,17.99483
Southern,su35,1999,8.467547
Southern,su35,2000,2.720324
Southern,su35,2001,4.333015
Southern,su35,2002,6.557042
Southern,su35,2003,13.06451
Southern,su35,2004,5.355781
Southern,su35,2005,16.49236
Southern,su35,2006,5.616025
Southern,su35,2007,4.226711
Southern,su35,2008,10.39161
Southern,su35,2009,1.84569
Southern,su35,2010,12.84617
Southern,su35,2011,13.59791
Southern,su35,2012,10.89577
Southern,su35,2013,10.86975
Southern,su35,2014,11.11582
Southern,su35,2015,15.07622
Southern,su35,2016,23.18893
Southern,su35,2017,9.018365
Southern,su35,2018,10.78292
Southern,su35,2019,24.69016
Southern,su35,2020,18.79464
Southern,su35,2021,14.12341
Southern,su35,2022,6.071232
Southern,su35,2023,21.14445
Southern,su35,2024,32.01202
Southern,su35,2025,14.50361
Southern,wsdi,1981,8.028328
Southern,wsdi,1982,16.96353
Southern,wsdi,1983,32.18568
Southern,wsdi,1984,21.74421
Southern,wsdi,1985,0
Southern,wsdi,1986,3.369989
Southern,wsdi,1987,54.96617
Southern,wsdi,1988,1.136795
Southern,wsdi,1989,5.685926
Southern,wsdi,1990,9.270017
Southern,wsdi,1991,0.2215768
Southern,wsdi,1992,36.44343
Southern,wsdi,1993,6.444911
Southern,wsdi,1994,25.46159
Southern,wsdi,1995,37.03284
Southern,wsdi,1996,8.165141
Southern,wsdi,1997,11.33368
Southern,wsdi,1998,19.54861
Southern,wsdi,1999,8.370411
Southern,wsdi,2000,0
Southern,wsdi,2001,1.079234
Southern,wsdi,2002,17.03824
Southern,wsdi,2003,12.10153
Southern,wsdi,2004,0
Southern,wsdi,2005,11.18005
Southern,wsdi,2006,0.05312959
Southern,wsdi,2007,2.147329
Southern,wsdi,2008,3.132345
Southern,wsdi,2009,0
Southern,wsdi,2010,0.123969
Southern,wsdi,2011,1.142237
Southern,wsdi,2012,2.869808
Southern,wsdi,2013,1.211319
Southern,wsdi,2014,4.402732
Southern,wsdi,2015,7.599347
Southern,wsdi,2016,18.55385
Southern,wsdi,2017,0
Southern,wsdi,2018,12.28209
Southern,wsdi,2019,66.55879
Southern,wsdi,2020,2.714602
Southern,wsdi,2021,18.29333
Southern,wsdi,2022,0
Southern,wsdi,2023,41.07383
Southern,wsdi,2024,117.8563
Southern,wsdi,2025,1.718166
Western,txm,1981,27.85255
Western,txm,1982,28.22693
Western,txm,1983,28.85788
Western,txm,1984,28.1851
Western,txm,1985,27.96705
Western,txm,1986,27.50299
Western,txm,1987,29.28729
Western,txm,1988,28.09489
Western,txm,1989,28.04162
Western,txm,1990,28.62028
Western,txm,1991,28.25521
Western,txm,1992,29.01767
Western,txm,1993,27.91058
Western,txm,1994,28.73485
Western,txm,1995,29.6782
Western,txm,1996,29.16799
Western,txm,1997,28.53159
Western,txm,1998,29.18909
Western,txm,1999,28.23073
Western,txm,2000,27.996
Western,txm,2001,27.98913
Western,txm,2002,28.80858
Western,txm,2003,28.70509
Western,txm,2004,28.04216
Western,txm,2005,29.39819
Western,txm,2006,27.83624
Western,txm,2007,28.16601
Western,txm,2008,28.05187
Western,txm,2009,28.062
Western,txm,2010,28.21109
Western,txm,2011,28.12598
Western,txm,2012,28.3419
Western,txm,2013,28.66171
Western,txm,2014,28.53843
Western,txm,2015,29.32743
Western,txm,2016,29.13847
Western,txm,2017,28.23979
Western,txm,2018,29.03568
Western,txm,2019,29.80778
Western,txm,2020,28.41018
Western,txm,2021,28.56912
Western,txm,2022,27.82879
Western,txm,2023,29.54865
Western,txm,2024,30.35328
Western,txm,2025,28.48799
Western,txx,1981,36.61827
Western,txx,1982,34.32507
Western,txx,1983,36.3405
Western,txx,1984,35.2184
Western,txx,1985,35.00806
Western,txx,1986,35.06962
Western,txx,1987,37.60978
Western,txx,1988,35.0753
Western,txx,1989,35.86123
Western,txx,1990,37.30295
Western,txx,1991,36.00786
Western,txx,1992,36.09031
Western,txx,1993,36.47799
Western,txx,1994,36.38187
Western,txx,1995,38.13868
Western,txx,1996,37.31932
Western,txx,1997,37.20356
Western,txx,1998,37.92174
Western,txx,1999,36.77451
Western,txx,2000,36.37827
Western,txx,2001,36.53695
Western,txx,2002,36.83566
Western,txx,2003,38.27979
Western,txx,2004,36.07499
Western,txx,2005,37.5597
Western,txx,2006,35.96047
Western,txx,2007,35.96029
Western,txx,2008,37.62125
Western,txx,2009,36.34329
Western,txx,2010,37.4748
Western,txx,2011,37.97399
Western,txx,2012,36.7388
Western,txx,2013,37.61368
Western,txx,2014,37.10916
Western,txx,2015,37.30149
Western,txx,2016,38.5325
Western,txx,2017,37.93706
Western,txx,2018,36.46454
Western,txx,2019,38.01851
Western,txx,2020,37.7743
Western,txx,2021,37.47919
Western,txx,2022,35.84221
Western,txx,2023,37.82434
Western,txx,2024,38.36742
Western,txx,2025,37.10632
Western,tx90p,1981,4.92788
Western,tx90p,1982,8.61413
Western,tx90p,1983,14.35805
Western,tx90p,1984,4.843072
Western,tx90p,1985,3.716979
Western,tx90p,1986,3.661524
Western,tx90p,1987,18.00324
Western,tx90p,1988,4.233127
Western,tx90p,1989,6.954074
Western,tx90p,1990,8.60569
Western,tx90p,1991,4.792488
Western,tx90p,1992,14.71012
Western,tx90p,1993,3.434807
Western,tx90p,1994,14.43443
Western,tx90p,1995,22.61063
Western,tx90p,1996,11.65397
Western,tx90p,1997,9.953857
Western,tx90p,1998,14.33271
Western,tx90p,1999,5.903647
Western,tx90p,2000,3.814853
Western,tx90p,2001,6.537515
Western,tx90p,2002,14.52555
Western,tx90p,2003,10.15402
Western,tx90p,2004,3.797046
Western,tx90p,2005,17.82659
Western,tx90p,2006,3.109078
Western,tx90p,2007,4.449619
Western,tx90p,2008,6.09569
Western,tx90p,2009,3.619278
Western,tx90p,2010,4.32461
Western,tx90p,2011,5.148676
Western,tx90p,2012,4.929181
Western,tx90p,2013,10.98658
Western,tx90p,2014,7.07423
Western,tx90p,2015,18.73739
Western,tx90p,2016,18.20676
Western,tx90p,2017,4.169644
Western,tx90p,2018,13.87172
Western,tx90p,2019,24.70958
Western,tx90p,2020,8.196041
Western,tx90p,2021,7.834907
Western,tx90p,2022,2.159826
Western,tx90p,2023,25.49094
Western,tx90p,2024,40.11079
Western,tx90p,2025,8.181092
Western,su35,1981,9.958464
Western,su35,1982,0.72304
Western,su35,1983,12.97626
Western,su35,1984,3.240075
Western,su35,1985,1.233693
Western,su35,1986,1.64443
Western,su35,1987,19.67335
Western,su35,1988,1.985131
Western,su35,1989,6.859767
Western,su35,1990,14.30711
Western,su35,1991,5.478299
Western,su35,1992,8.936836
Western,su35,1993,8.576873
Western,su35,1994,12.81613
Western,su35,1995,28.05508
Western,su35,1996,30.53261
Western,su35,1997,11.8466
Western,su35,1998,21.66195
Western,su35,1999,12.16898
Western,su35,2000,12.29826
Western,su35,2001,9.608932
Western,su35,2002,12.54746
Western,su35,2003,24.21161
Western,su35,2004,8.724226
Western,su35,2005,25.67902
Western,su35,2006,5.152052
Western,su35,2007,5.518618
Western,su35,2008,25.70482
Western,su35,2009,11.53993
Western,su35,2010,25.83162
Western,su35,2011,16.37667
Western,su35,2012,16.73792
Western,su35,2013,19.26339
Western,su35,2014,22.38631
Western,su35,2015,30.36842
Western,su35,2016,40.07195
Western,su35,2017,15.24563
Western,su35,2018,24.79623
Western,su35,2019,26.94426
Western,su35,2020,31.21999
Western,su35,2021,16.93126
Western,su35,2022,10.12003
Western,su35,2023,33.00295
Western,su35,2024,38.4729
Western,su35,2025,24.0932
Western,wsdi,1981,3.071428
Western,wsdi,1982,7.034194
Western,wsdi,1983,25.95111
Western,wsdi,1984,5.95394
Western,wsdi,1985,0.03953612
Western,wsdi,1986,6.606266
Western,wsdi,1987,27.32001
Western,wsdi,1988,0.2377462
Western,wsdi,1989,8.3739
Western,wsdi,1990,2.435715
Western,wsdi,1991,1.71473
Western,wsdi,1992,13.92457
Western,wsdi,1993,0.2242881
Western,wsdi,1994,26.53241
Western,wsdi,1995,37.95219
Western,wsdi,1996,7.492568
Western,wsdi,1997,8.15491
Western,wsdi,1998,16.01569
Western,wsdi,1999,7.599869
Western,wsdi,2000,0.2731876
Western,wsdi,2001,7.420321
Western,wsdi,2002,15.99039
Western,wsdi,2003,10.71773
Western,wsdi,2004,0.1020264
Western,wsdi,2005,8.661203
Western,wsdi,2006,0
Western,wsdi,2007,1.436016
Western,wsdi,2008,1.600368
Western,wsdi,2009,0
Western,wsdi,2010,0.1696875
Western,wsdi,2011,0
Western,wsdi,2012,4.843611
Western,wsdi,2013,0.3445413
Western,wsdi,2014,0
Western,wsdi,2015,15.15309
Western,wsdi,2016,19.80208
Western,wsdi,2017,0
Western,wsdi,2018,19.56123
Western,wsdi,2019,44.89958
Western,wsdi,2020,2.031036
Western,wsdi,2021,9.060279
Western,wsdi,2022,0
Western,wsdi,2023,45.17528
Western,wsdi,2024,105.5326
Western,wsdi,2025,0.8020719
