region,index,season_start_year,value
Zambia,txm,1981,28.47132
Zambia,txm,1982,28.03897
Zambia,txm,1983,27.91487
Zambia,txm,1984,27.45749
Zambia,txm,1985,27.26335
Zambia,txm,1986,27.67661
Zambia,txm,1987,28.47822
Zambia,txm,1988,27.2902
Zambia,txm,1989,28.16084
Zambia,txm,1990,28.58131
Zambia,txm,1991,28.30754
Zambia,txm,1992,27.73264
Zambia,txm,1993,28.34404
Zambia,txm,1994,28.47295
Zambia,txm,1995,28.44788
Zambia,txm,1996,28.34165
Zambia,txm,1997,28.16503
Zambia,txm,1998,28.35606
Zambia,txm,1999,28.07974
Zambia,txm,2000,27.32053
Zambia,txm,2001,28.05576
Zambia,txm,2002,28.12806
Zambia,txm,2003,28.38503
Zambia,txm,2004,28.34665
Zambia,txm,2005,28.30086
Zambia,txm,2006,27.84263
Zambia,txm,2007,27.42873
Zambia,txm,2008,27.67147
Zambia,txm,2009,27.78356
Zambia,txm,2010,28.10183
Zambia,txm,2011,27.80769
Zambia,txm,2012,28.02595
Zambia,txm,2013,28.02752
Zambia,txm,2014,28.72452
Zambia,txm,2015,28.94089
Zambia,txm,2016,28.50575
Zambia,txm,2017,27.92307
Zambia,txm,2018,28.84677
Zambia,txm,2019,28.5033
Zambia,txm,2020,27.89065
Zambia,txm,2021,28.56057
Zambia,txm,2022,27.80319
Zambia,txm,2023,29.52709
Zambia,txm,2024,28.72645
Zambia,txm,2025,27.82247
Zambia,txx,1981,35.15011
Zambia,txx,1982,33.78034
Zambia,txx,1983,35.15008
Zambia,txx,1984,34.52931
Zambia,txx,1985,33.6034
Zambia,txx,1986,33.66842
Zambia,txx,1987,35.62018
Zambia,txx,1988,34.05009
Zambia,txx,1989,34.91032
Zambia,txx,1990,35.59922
Zambia,txx,1991,34.27698
Zambia,txx,1992,35.24973
Zambia,txx,1993,35.12997
Zambia,txx,1994,34.98991
Zambia,txx,1995,35.92635
Zambia,txx,1996,35.58618
Zambia,txx,1997,35.45934
Zambia,txx,1998,36.3608
Zambia,txx,1999,35.60971
Zambia,txx,2000,34.81236
Zambia,txx,2001,34.51524
Zambia,txx,2002,34.99232
Zambia,txx,2003,36.35138
Zambia,txx,2004,35.3414
Zambia,txx,2005,35.77597
Zambia,txx,2006,34.92749
Zambia,txx,2007,34.61404
Zambia,txx,2008,35.42349
Zambia,txx,2009,34.32386
Zambia,txx,2010,36.12066
Zambia,txx,2011,36.31586
Zambia,txx,2012,35.49399
Zambia,txx,2013,35.65702
Zambia,txx,2014,35.98299
Zambia,txx,2015,35.80923
Zambia,txx,2016,36.43762
Zambia,txx,2017,36.67421
Zambia,txx,2018,35.1243
Zambia,txx,2019,36.63855
Zambia,txx,2020,36.23635
Zambia,txx,2021,36.00827
Zambia,txx,2022,34.90875
Zambia,txx,2023,36.61899
Zambia,txx,2024,35.8412
Zambia,txx,2025,35.3927
Zambia,tx90p,1981,13.72503
Zambia,tx90p,1982,15.36701
Zambia,tx90p,1983,6.587954
Zambia,tx90p,1984,3.418504
Zambia,tx90p,1985,1.822959
Zambia,tx90p,1986,10.38825
Zambia,tx90p,1987,13.13098
Zambia,tx90p,1988,2.78337
Zambia,tx90p,1989,11.79195
Zambia,tx90p,1990,10.24855
Zambia,tx90p,1991,18.68479
Zambia,tx90p,1992,5.966899
Zambia,tx90p,1993,11.39643
Zambia,tx90p,1994,17.36037
Zambia,tx90p,1995,10.02621
Zambia,tx90p,1996,7.842759
Zambia,tx90p,1997,10.38731
Zambia,tx90p,1998,11.87179
Zambia,tx90p,1999,10.21297
Zambia,tx90p,2000,1.714996
Zambia,tx90p,2001,5.200947
Zambia,tx90p,2002,10.159
Zambia,tx90p,2003,7.564219
Zambia,tx90p,2004,13.6516
Zambia,tx90p,2005,9.534991
Zambia,tx90p,2006,4.751447
Zambia,tx90p,2007,1.837964
Zambia,tx90p,2008,4.718505
Zambia,tx90p,2009,5.233448
Zambia,tx90p,2010,6.856437
Zambia,tx90p,2011,5.656185
Zambia,tx90p,2012,5.767337
Zambia,tx90p,2013,5.907254
Zambia,tx90p,2014,16.63259
Zambia,tx90p,2015,20.75629
Zambia,tx90p,2016,13.16642
Zambia,tx90p,2017,9.046663
Zambia,tx90p,2018,19.88911
Zambia,tx90p,2019,14.47892
Zambia,tx90p,2020,8.116602
Zambia,tx90p,2021,16.79744
Zambia,tx90p,2022,6.057475
Zambia,tx90p,2023,32.80856
Zambia,tx90p,2024,19.03902
Zambia,tx90p,2025,5.923934
Zambia,su35,1981,5.304436
Zambia,su35,1982,2.162017
Zambia,su35,1983,5.405385
Zambia,su35,1984,3.313464
Zambia,su35,1985,1.175549
Zambia,su35,1986,1.023249
Zambia,su35,1987,8.483822
Zambia,su35,1988,2.431827
Zambia,su35,1989,3.570164
Zambia,su35,1990,7.665036
Zambia,su35,1991,3.893428
Zambia,su35,1992,6.990027
Zambia,su35,1993,5.198255
Zambia,su35,1994,6.927805
Zambia,su35,1995,12.2621
Zambia,su35,1996,12.49023
Zambia,su35,1997,4.793521
Zambia,su35,1998,12.41229
Zambia,su35,1999,6.319512
Zambia,su35,2000,4.194205
Zambia,su35,2001,3.227013
Zambia,su35,2002,5.194422
Zambia,su35,2003,8.884736
Zambia,su35,2004,3.901026
Zambia,su35,2005,10.03187
Zambia,su35,2006,4.401791
Zambia,su35,2007,3.039544
Zambia,su35,2008,7.629158
Zambia,su35,2009,2.796448
Zambia,su35,2010,11.91594
Zambia,su35,2011,8.115373
Zambia,su35,2012,8.017117
Zambia,su35,2013,7.361986
Zambia,su35,2014,10.96571
Zambia,su35,2015,11.78889
Zambia,su35,2016,16.20995
Zambia,su35,2017,6.919438
Zambia,su35,2018,7.151383
Zambia,su35,2019,12.56513
Zambia,su35,2020,11.26211
Zambia,su35,2021,10.09418
Zambia,su35,2022,5.378155
Zambia,su35,2023,14.33772
Zambia,su35,2024,11.40878
Zambia,su35,2025,6.929269
Central,txm,1981,28.03531
Central,txm,1982,27.79288
Central,txm,1983,27.75973
Central,txm,1984,27.13204
Central,txm,1985,26.68768
Central,txm,1986,27.43666
Central,txm,1987,28.13635
Central,txm,1988,26.93083
Central,txm,1989,27.84044
Central,txm,1990,28.28559
Central,txm,1991,28.21312
Central,txm,1992,27.58091
Central,txm,1993,27.86784
Central,txm,1994,28.25775
Central,txm,1995,27.90944
Central,txm,1996,27.92007
Central,txm,1997,27.82387
Central,txm,1998,27.78687
Central,txm,1999,27.70323
Central,txm,2000,26.7128
Central,txm,2001,27.5706
Central,txm,2002,27.52401
Central,txm,2003,27.91426
Central,txm,2004,27.8026
Central,txm,2005,27.67483
Central,txm,2006,27.44486
Central,txm,2007,26.86219
Central,txm,2008,27.12429
Central,txm,2009,27.15524
Central,txm,2010,27.64769
Central,txm,2011,27.50646
Central,txm,2012,27.59972
Central,txm,2013,27.81086
Central,txm,2014,28.41306
Central,txm,2015,28.67443
Central,txm,2016,27.94905
Central,txm,2017,27.53138
Central,txm,2018,28.13203
Central,txm,2019,28.33366
Central,txm,2020,27.51682
Central,txm,2021,28.17938
Central,txm,2022,27.33408
Central,txm,2023,29.31883
Central,txm,2024,28.43121
Central,txm,2025,27.31639
Central,txx,1981,35.17358
Central,txx,1982,33.98724
Central,txx,1983,35.25452
Central,txx,1984,34.89971
Central,txx,1985,32.76732
Central,txx,1986,34.23317
Central,txx,1987,36.32386
Central,txx,1988,33.97758
Central,txx,1989,34.95634
Central,txx,1990,35.5978
Central,txx,1991,33.86259
Central,txx,1992,35.90649
Central,txx,1993,34.57983
Central,txx,1994,35.33918
Central,txx,1995,35.59391
Central,txx,1996,35.49899
Central,txx,1997,35.2931
Central,txx,1998,36.38794
Central,txx,1999,35.46166
Central,txx,2000,34.07905
Central,txx,2001,33.90226
Central,txx,2002,34.27777
Central,txx,2003,35.84705
Central,txx,2004,35.00424
Central,txx,2005,35.41494
Central,txx,2006,34.47731
Central,txx,2007,33.97461
Central,txx,2008,34.63833
Central,txx,2009,33.64378
Central,txx,2010,35.75716
Central,txx,2011,36.35231
Central,txx,2012,34.88573
Central,txx,2013,35.14561
Central,txx,2014,35.62579
Central,txx,2015,35.38389
Central,txx,2016,35.67756
Central,txx,2017,36.79903
Central,txx,2018,34.86956
Central,txx,2019,37.04338
Central,txx,2020,36.16491
Central,txx,2021,35.93231
Central,txx,2022,34.59887
Central,txx,2023,36.23244
Central,txx,2024,35.95753
Central,txx,2025,35.66266
Central,tx90p,1981,15.60736
Central,tx90p,1982,19.92335
Central,tx90p,1983,8.996212
Central,tx90p,1984,3.597352
Central,tx90p,1985,1.002371
Central,tx90p,1986,13.68041
Central,tx90p,1987,13.26074
Central,tx90p,1988,4.539589
Central,tx90p,1989,12.92623
Central,tx90p,1990,11.53032
Central,tx90p,1991,24.56347
Central,tx90p,1992,7.946589
Central,tx90p,1993,11.09347
Central,tx90p,1994,21.62287
Central,tx90p,1995,9.204774
Central,tx90p,1996,7.964032
Central,tx90p,1997,11.67816
Central,tx90p,1998,11.63376
Central,tx90p,1999,11.33432
Central,tx90p,2000,0.3823147
Central,tx90p,2001,3.674289
Central,tx90p,2002,9.527048
Central,tx90p,2003,5.750329
Central,tx90p,2004,13.31175
Central,tx90p,2005,5.935152
Central,tx90p,2006,5.39801
Central,tx90p,2007,1.081568
Central,tx90p,2008,2.680782
Central,tx90p,2009,3.704935
Central,tx90p,2010,4.697214
Central,tx90p,2011,5.995784
Central,tx90p,2012,3.492671
Central,tx90p,2013,7.289888
Central,tx90p,2014,17.3645
Central,tx90p,2015,23.05157
Central,tx90p,2016,9.782069
Central,tx90p,2017,10.10394
Central,tx90p,2018,16.2972
Central,tx90p,2019,17.41659
Central,tx90p,2020,8.698153
Central,tx90p,2021,16.1672
Central,tx90p,2022,5.068346
Central,tx90p,2023,36.45547
Central,tx90p,2024,21.40264
Central,tx90p,2025,4.976295
Central,su35,1981,3.257231
Central,su35,1982,1.133101
Central,su35,1983,3.250086
Central,su35,1984,2.639053
Central,su35,1985,0.4922086
Central,su35,1986,0.5231777
Central,su35,1987,6.374745
Central,su35,1988,0.9136242
Central,su35,1989,2.373187
Central,su35,1990,4.604881
Central,su35,1991,1.803314
Central,su35,1992,7.211624
Central,su35,1993,2.139211
Central,su35,1994,5.084149
Central,su35,1995,8.230121
Central,su35,1996,9.569839
Central,su35,1997,3.135279
Central,su35,1998,11.15721
Central,su35,1999,3.95128
Central,su35,2000,0.8596139
Central,su35,2001,1.297669
Central,su35,2002,1.788798
Central,su35,2003,4.074798
Central,su35,2004,1.709802
Central,su35,2005,5.103291
Central,su35,2006,2.06221
Central,su35,2007,1.225181
Central,su35,2008,2.942907
Central,su35,2009,0.6330245
Central,su35,2010,6.736366
Central,su35,2011,6.594381
Central,su35,2012,3.434861
Central,su35,2013,4.06914
Central,su35,2014,7.65137
Central,su35,2015,4.918907
Central,su35,2016,9.691625
Central,su35,2017,5.286776
Central,su35,2018,2.280403
Central,su35,2019,11.35552
Central,su35,2020,7.708784
Central,su35,2021,6.36304
Central,su35,2022,2.297085
Central,su35,2023,9.746843
Central,su35,2024,8.074978
Central,su35,2025,4.468865
Copperbelt,txm,1981,27.94345
Copperbelt,txm,1982,27.54647
Copperbelt,txm,1983,27.35854
Copperbelt,txm,1984,26.86807
Copperbelt,txm,1985,26.63785
Copperbelt,txm,1986,26.99229
Copperbelt,txm,1987,28.00489
Copperbelt,txm,1988,26.81485
Copperbelt,txm,1989,27.83978
Copperbelt,txm,1990,28.13874
Copperbelt,txm,1991,27.63694
Copperbelt,txm,1992,27.35146
Copperbelt,txm,1993,27.66064
Copperbelt,txm,1994,27.72482
Copperbelt,txm,1995,27.67929
Copperbelt,txm,1996,27.84955
Copperbelt,txm,1997,27.60669
Copperbelt,txm,1998,27.98902
Copperbelt,txm,1999,27.68918
Copperbelt,txm,2000,26.68621
Copperbelt,txm,2001,27.37765
Copperbelt,txm,2002,27.52923
Copperbelt,txm,2003,27.846
Copperbelt,txm,2004,27.46944
Copperbelt,txm,2005,27.87031
Copperbelt,txm,2006,27.34612
Copperbelt,txm,2007,27.08155
Copperbelt,txm,2008,27.15425
Copperbelt,txm,2009,27.26879
Copperbelt,txm,2010,27.70178
Copperbelt,txm,2011,27.29934
Copperbelt,txm,2012,27.43709
Copperbelt,txm,2013,27.47699
Copperbelt,txm,2014,28.29264
Copperbelt,txm,2015,28.11154
Copperbelt,txm,2016,27.94534
Copperbelt,txm,2017,27.31402
Copperbelt,txm,2018,27.99985
Copperbelt,txm,2019,27.84181
Copperbelt,txm,2020,27.171
Copperbelt,txm,2021,28.07441
Copperbelt,txm,2022,27.17845
Copperbelt,txm,2023,28.77487
Copperbelt,txm,2024,27.87839
Copperbelt,txm,2025,27.07331
Copperbelt,txx,1981,34.63536
Copperbelt,txx,1982,33.88808
Copperbelt,txx,1983,34.73029
Copperbelt,txx,1984,34.22006
Copperbelt,txx,1985,33.13713
Copperbelt,txx,1986,34.25939
Copperbelt,txx,1987,34.97636
Copperbelt,txx,1988,33.4556
Copperbelt,txx,1989,35.24419
Copperbelt,txx,1990,34.83263
Copperbelt,txx,1991,33.59912
Copperbelt,txx,1992,34.84304
Copperbelt,txx,1993,34.51401
Copperbelt,txx,1994,34.56749
Copperbelt,txx,1995,35.12752
Copperbelt,txx,1996,34.63097
Copperbelt,txx,1997,34.88068
Copperbelt,txx,1998,36.07634
Copperbelt,txx,1999,35.80721
Copperbelt,txx,2000,34.03249
Copperbelt,txx,2001,33.80757
Copperbelt,txx,2002,34.40955
Copperbelt,txx,2003,35.88613
Copperbelt,txx,2004,34.66377
Copperbelt,txx,2005,34.74797
Copperbelt,txx,2006,34.09202
Copperbelt,txx,2007,34.34904
Copperbelt,txx,2008,35.21684
Copperbelt,txx,2009,33.89698
Copperbelt,txx,2010,35.96582
Copperbelt,txx,2011,35.76097
Copperbelt,txx,2012,34.82957
Copperbelt,txx,2013,34.72908
Copperbelt,txx,2014,35.61115
Copperbelt,txx,2015,34.76527
Copperbelt,txx,2016,35.56502
Copperbelt,txx,2017,36.28502
Copperbelt,txx,2018,35.08145
Copperbelt,txx,2019,35.72789
Copperbelt,txx,2020,35.4158
Copperbelt,txx,2021,35.31142
Copperbelt,txx,2022,34.70788
Copperbelt,txx,2023,35.44321
Copperbelt,txx,2024,35.2494
Copperbelt,txx,2025,34.10363
Copperbelt,tx90p,1981,15.36847
Copperbelt,tx90p,1982,19.09877
Copperbelt,tx90p,1983,6.484757
Copperbelt,tx90p,1984,2.617675
Copperbelt,tx90p,1985,0.4053539
Copperbelt,tx90p,1986,8.426983
Copperbelt,tx90p,1987,17.48948
Copperbelt,tx90p,1988,3.584617
Copperbelt,tx90p,1989,14.83471
Copperbelt,tx90p,1990,11.87128
Copperbelt,tx90p,1991,19.56848
Copperbelt,tx90p,1992,6.376924
Copperbelt,tx90p,1993,12.17559
Copperbelt,tx90p,1994,15.39702
Copperbelt,tx90p,1995,5.305609
Copperbelt,tx90p,1996,7.938556
Copperbelt,tx90p,1997,11.07372
Copperbelt,tx90p,1998,16.78951
Copperbelt,tx90p,1999,14.38233
Copperbelt,tx90p,2000,0.2893412
Copperbelt,tx90p,2001,4.815457
Copperbelt,tx90p,2002,11.75466
Copperbelt,tx90p,2003,5.292135
Copperbelt,tx90p,2004,11.94334
Copperbelt,tx90p,2005,10.81835
Copperbelt,tx90p,2006,6.448581
Copperbelt,tx90p,2007,2.258288
Copperbelt,tx90p,2008,5.437686
Copperbelt,tx90p,2009,4.946493
Copperbelt,tx90p,2010,8.850464
Copperbelt,tx90p,2011,6.025291
Copperbelt,tx90p,2012,4.079041
Copperbelt,tx90p,2013,4.308618
Copperbelt,tx90p,2014,20.08401
Copperbelt,tx90p,2015,18.56395
Copperbelt,tx90p,2016,12.47844
Copperbelt,tx90p,2017,8.428591
Copperbelt,tx90p,2018,15.28115
Copperbelt,tx90p,2019,13.64366
Copperbelt,tx90p,2020,9.282903
Copperbelt,tx90p,2021,18.39279
Copperbelt,tx90p,2022,5.350647
Copperbelt,tx90p,2023,29.22753
Copperbelt,tx90p,2024,20.97881
Copperbelt,tx90p,2025,5.263173
Copperbelt,su35,1981,0.5518013
Copperbelt,su35,1982,0.05260729
Copperbelt,su35,1983,0.709649
Copperbelt,su35,1984,0.07882912
Copperbelt,su35,1985,0
Copperbelt,su35,1986,0.1576572
Copperbelt,su35,1987,1.471468
Copperbelt,su35,1988,0
Copperbelt,su35,1989,1.42029
Copperbelt,su35,1990,1.077571
Copperbelt,su35,1991,0
Copperbelt,su35,1992,0.7884493
Copperbelt,su35,1993,0.6047884
Copperbelt,su35,1994,0.3678127
Copperbelt,su35,1995,2.418815
Copperbelt,su35,1996,1.576519
Copperbelt,su35,1997,1.156781
Copperbelt,su35,1998,9.994157
Copperbelt,su35,1999,3.367344
Copperbelt,su35,2000,0.05252497
Copperbelt,su35,2001,0
Copperbelt,su35,2002,0.3941986
Copperbelt,su35,2003,2.130981
Copperbelt,su35,2004,0.6573685
Copperbelt,su35,2005,1.708637
Copperbelt,su35,2006,0.1313263
Copperbelt,su35,2007,0.5783782
Copperbelt,su35,2008,2.077338
Copperbelt,su35,2009,0.05255274
Copperbelt,su35,2010,6.180422
Copperbelt,su35,2011,3.523716
Copperbelt,su35,2012,1.34109
Copperbelt,su35,2013,0.8412743
Copperbelt,su35,2014,4.391269
Copperbelt,su35,2015,1.051538
Copperbelt,su35,2016,6.836815
Copperbelt,su35,2017,2.523679
Copperbelt,su35,2018,1.077949
Copperbelt,su35,2019,6.388513
Copperbelt,su35,2020,3.864693
Copperbelt,su35,2021,2.944971
Copperbelt,su35,2022,0.6833726
Copperbelt,su35,2023,4.416109
Copperbelt,su35,2024,2.129104
Copperbelt,su35,2025,0.1576022
Eastern,txm,1981,29.8327
Eastern,txm,1982,29.23692
Eastern,txm,1983,29.37125
Eastern,txm,1984,28.68257
Eastern,txm,1985,28.06752
Eastern,txm,1986,28.80197
Eastern,txm,1987,30.03937
Eastern,txm,1988,28.65685
Eastern,txm,1989,28.9914
Eastern,txm,1990,30.15394
Eastern,txm,1991,30.16385
Eastern,txm,1992,29.20466
Eastern,txm,1993,29.88567
Eastern,txm,1994,29.69993
Eastern,txm,1995,29.82116
Eastern,txm,1996,29.8617
Eastern,txm,1997,28.89641
Eastern,txm,1998,29.87914
Eastern,txm,1999,29.99785
Eastern,txm,2000,28.14539
Eastern,txm,2001,29.29573
Eastern,txm,2002,29.33077
Eastern,txm,2003,29.84258
Eastern,txm,2004,29.31395
Eastern,txm,2005,29.87356
Eastern,txm,2006,28.93307
Eastern,txm,2007,28.66066
Eastern,txm,2008,28.94537
Eastern,txm,2009,28.98991
Eastern,txm,2010,29.57461
Eastern,txm,2011,29.16824
Eastern,txm,2012,29.33756
Eastern,txm,2013,29.74878
Eastern,txm,2014,30.22966
Eastern,txm,2015,30.74226
Eastern,txm,2016,29.93966
Eastern,txm,2017,29.43627
Eastern,txm,2018,29.19057
Eastern,txm,2019,29.32453
Eastern,txm,2020,29.2592
Eastern,txm,2021,30.10083
Eastern,txm,2022,29.11718
Eastern,txm,2023,30.43016
Eastern,txm,2024,30.30961
Eastern,txm,2025,28.83888
Eastern,txx,1981,37.47145
Eastern,txx,1982,36.76862
Eastern,txx,1983,37.83382
Eastern,txx,1984,36.64635
Eastern,txx,1985,36.28371
Eastern,txx,1986,35.88391
Eastern,txx,1987,37.49857
Eastern,txx,1988,36.1163
Eastern,txx,1989,36.45181
Eastern,txx,1990,37.83502
Eastern,txx,1991,35.75788
Eastern,txx,1992,37.45739
Eastern,txx,1993,36.35219
Eastern,txx,1994,37.48893
Eastern,txx,1995,37.67577
Eastern,txx,1996,37.13839
Eastern,txx,1997,37.01033
Eastern,txx,1998,37.55265
Eastern,txx,1999,37.35604
Eastern,txx,2000,36.29453
Eastern,txx,2001,36.01067
Eastern,txx,2002,36.70151
Eastern,txx,2003,36.65825
Eastern,txx,2004,36.99931
Eastern,txx,2005,37.39972
Eastern,txx,2006,36.62478
Eastern,txx,2007,36.38852
Eastern,txx,2008,36.29483
Eastern,txx,2009,35.31304
Eastern,txx,2010,37.36763
Eastern,txx,2011,38.439
Eastern,txx,2012,37.03568
Eastern,txx,2013,37.89302
Eastern,txx,2014,37.83565
Eastern,txx,2015,38.24036
Eastern,txx,2016,37.59301
Eastern,txx,2017,39.53793
Eastern,txx,2018,37.36054
Eastern,txx,2019,38.93919
Eastern,txx,2020,37.54968
Eastern,txx,2021,37.92392
Eastern,txx,2022,36.59277
Eastern,txx,2023,38.91742
Eastern,txx,2024,37.26226
Eastern,txx,2025,37.36237
Eastern,tx90p,1981,14.87024
Eastern,tx90p,1982,16.10662
Eastern,tx90p,1983,7.687076
Eastern,tx90p,1984,5.654064
Eastern,tx90p,1985,0.4361399
Eastern,tx90p,1986,4.657578
Eastern,tx90p,1987,13.94935
Eastern,tx90p,1988,2.711891
Eastern,tx90p,1989,7.488981
Eastern,tx90p,1990,13.49497
Eastern,tx90p,1991,26.18563
Eastern,tx90p,1992,6.452459
Eastern,tx90p,1993,14.238
Eastern,tx90p,1994,16.13367
Eastern,tx90p,1995,8.440849
Eastern,tx90p,1996,9.525268
Eastern,tx90p,1997,6.084243
Eastern,tx90p,1998,13.836
Eastern,tx90p,1999,18.42662
Eastern,tx90p,2000,0.2300362
Eastern,tx90p,2001,3.05484
Eastern,tx90p,2002,6.556378
Eastern,tx90p,2003,6.692815
Eastern,tx90p,2004,13.92916
Eastern,tx90p,2005,10.55591
Eastern,tx90p,2006,3.140795
Eastern,tx90p,2007,1.347711
Eastern,tx90p,2008,2.113724
Eastern,tx90p,2009,3.374212
Eastern,tx90p,2010,5.325784
Eastern,tx90p,2011,6.624607
Eastern,tx90p,2012,4.754966
Eastern,tx90p,2013,9.742752
Eastern,tx90p,2014,17.63603
Eastern,tx90p,2015,29.30479
Eastern,tx90p,2016,11.98376
Eastern,tx90p,2017,13.81175
Eastern,tx90p,2018,7.224721
Eastern,tx90p,2019,8.995791
Eastern,tx90p,2020,7.401706
Eastern,tx90p,2021,19.03168
Eastern,tx90p,2022,2.310814
Eastern,tx90p,2023,26.63235
Eastern,tx90p,2024,21.58846
Eastern,tx90p,2025,4.387647
Eastern,su35,1981,21.98122
Eastern,su35,1982,10.47598
Eastern,su35,1983,22.49568
Eastern,su35,1984,15.01243
Eastern,su35,1985,5.907099
Eastern,su35,1986,4.356018
Eastern,su35,1987,22.75537
Eastern,su35,1988,11.44255
Eastern,su35,1989,10.77888
Eastern,su35,1990,23.87063
Eastern,su35,1991,13.40835
Eastern,su35,1992,24.4474
Eastern,su35,1993,17.53211
Eastern,su35,1994,18.9705
Eastern,su35,1995,27.92246
Eastern,su35,1996,26.64746
Eastern,su35,1997,11.60663
Eastern,su35,1998,23.68297
Eastern,su35,1999,19.75247
Eastern,su35,2000,9.671773
Eastern,su35,2001,14.2002
Eastern,su35,2002,15.58396
Eastern,su35,2003,19.86111
Eastern,su35,2004,9.881559
Eastern,su35,2005,21.85388
Eastern,su35,2006,17.19152
Eastern,su35,2007,12.29469
Eastern,su35,2008,15.949
Eastern,su35,2009,8.497433
Eastern,su35,2010,25.28813
Eastern,su35,2011,17.41812
Eastern,su35,2012,22.87871
Eastern,su35,2013,26.31764
Eastern,su35,2014,31.97336
Eastern,su35,2015,32.17226
Eastern,su35,2016,30.34077
Eastern,su35,2017,19.14929
Eastern,su35,2018,17.03305
Eastern,su35,2019,23.6632
Eastern,su35,2020,21.62974
Eastern,su35,2021,36.4519
Eastern,su35,2022,18.95303
Eastern,su35,2023,29.34062
Eastern,su35,2024,26.27231
Eastern,su35,2025,14.93826
Luapula,txm,1981,27.46241
Luapula,txm,1982,26.79381
Luapula,txm,1983,26.69617
Luapula,txm,1984,26.40662
Luapula,txm,1985,26.34616
Luapula,txm,1986,26.36579
Luapula,txm,1987,27.37265
Luapula,txm,1988,26.35065
Luapula,txm,1989,27.1531
Luapula,txm,1990,27.59198
Luapula,txm,1991,26.72898
Luapula,txm,1992,26.72057
Luapula,txm,1993,27.30692
Luapula,txm,1994,26.77291
Luapula,txm,1995,27.2967
Luapula,txm,1996,27.70882
Luapula,txm,1997,26.97678
Luapula,txm,1998,27.93396
Luapula,txm,1999,27.33741
Luapula,txm,2000,26.50159
Luapula,txm,2001,26.89011
Luapula,txm,2002,27.38181
Luapula,txm,2003,27.75224
Luapula,txm,2004,27.3011
Luapula,txm,2005,27.74592
Luapula,txm,2006,26.94801
Luapula,txm,2007,27.02971
Luapula,txm,2008,27.15507
Luapula,txm,2009,27.17674
Luapula,txm,2010,27.44414
Luapula,txm,2011,26.72285
Luapula,txm,2012,27.18366
Luapula,txm,2013,27.22269
Luapula,txm,2014,27.79034
Luapula,txm,2015,27.49051
Luapula,txm,2016,27.83541
Luapula,txm,2017,26.83529
Luapula,txm,2018,27.42026
Luapula,txm,2019,26.94814
Luapula,txm,2020,27.01403
Luapula,txm,2021,27.60932
Luapula,txm,2022,26.8226
Luapula,txm,2023,27.57947
Luapula,txm,2024,27.28194
Luapula,txm,2025,26.84692
Luapula,txx,1981,33.28127
Luapula,txx,1982,32.21033
Luapula,txx,1983,33.12441
Luapula,txx,1984,33.4358
Luapula,txx,1985,32.19087
Luapula,txx,1986,32.52849
Luapula,txx,1987,32.6067
Luapula,txx,1988,32.55634
Luapula,txx,1989,33.80283
Luapula,txx,1990,33.2772
Luapula,txx,1991,32.5872
Luapula,txx,1992,32.89854
Luapula,txx,1993,34.15187
Luapula,txx,1994,32.4781
Luapula,txx,1995,33.20938
Luapula,txx,1996,33.43559
Luapula,txx,1997,33.61736
Luapula,txx,1998,34.53467
Luapula,txx,1999,33.91075
Luapula,txx,2000,33.43184
Luapula,txx,2001,32.99326
Luapula,txx,2002,33.57426
Luapula,txx,2003,34.85668
Luapula,txx,2004,34.5506
Luapula,txx,2005,33.82156
Luapula,txx,2006,33.87738
Luapula,txx,2007,33.32008
Luapula,txx,2008,34.36444
Luapula,txx,2009,32.82245
Luapula,txx,2010,34.64458
Luapula,txx,2011,33.82385
Luapula,txx,2012,33.8915
Luapula,txx,2013,33.86361
Luapula,txx,2014,34.87559
Luapula,txx,2015,33.73404
Luapula,txx,2016,34.82687
Luapula,txx,2017,34.32642
Luapula,txx,2018,33.21837
Luapula,txx,2019,34.00513
Luapula,txx,2020,34.4923
Luapula,txx,2021,34.28334
Luapula,txx,2022,33.82231
Luapula,txx,2023,35.09599
Luapula,txx,2024,33.63866
Luapula,txx,2025,33.19759
Luapula,tx90p,1981,10.31108
Luapula,tx90p,1982,9.411489
Luapula,tx90p,1983,4.736641
Luapula,tx90p,1984,4.524017
Luapula,tx90p,1985,0.4232078
Luapula,tx90p,1986,3.157275
Luapula,tx90p,1987,13.93323
Luapula,tx90p,1988,1.47787
Luapula,tx90p,1989,8.933366
Luapula,tx90p,1990,8.703417
Luapula,tx90p,1991,11.20934
Luapula,tx90p,1992,4.799865
Luapula,tx90p,1993,10.02062
Luapula,tx90p,1994,8.764469
Luapula,tx90p,1995,6.298199
Luapula,tx90p,1996,10.57571
Luapula,tx90p,1997,9.933118
Luapula,tx90p,1998,19.49942
Luapula,tx90p,1999,11.6402
Luapula,tx90p,2000,1.371204
Luapula,tx90p,2001,4.550488
Luapula,tx90p,2002,11.02561
Luapula,tx90p,2003,10.23926
Luapula,tx90p,2004,13.7654
Luapula,tx90p,2005,14.54893
Luapula,tx90p,2006,6.110896
Luapula,tx90p,2007,4.977056
Luapula,tx90p,2008,8.316669
Luapula,tx90p,2009,9.150423
Luapula,tx90p,2010,13.08395
Luapula,tx90p,2011,5.29686
Luapula,tx90p,2012,6.79685
Luapula,tx90p,2013,4.917591
Luapula,tx90p,2014,18.72377
Luapula,tx90p,2015,15.74717
Luapula,tx90p,2016,15.75441
Luapula,tx90p,2017,8.417048
Luapula,tx90p,2018,11.91072
Luapula,tx90p,2019,10.26107
Luapula,tx90p,2020,8.733228
Luapula,tx90p,2021,20.73471
Luapula,tx90p,2022,7.864665
Luapula,tx90p,2023,18.04352
Luapula,tx90p,2024,16.81573
Luapula,tx90p,2025,7.747136
Luapula,su35,1981,0.1685149
Luapula,su35,1982,0.01530021
Luapula,su35,1983,0.1990743
Luapula,su35,1984,0.1072699
Luapula,su35,1985,0
Luapula,su35,1986,0.01531456
Luapula,su35,1987,0.04598555
Luapula,su35,1988,0
Luapula,su35,1989,0.3066157
Luapula,su35,1990,0.01541883
Luapula,su35,1991,0
Luapula,su35,1992,0.04591497
Luapula,su35,1993,0.4775187
Luapula,su35,1994,0.01532862
Luapula,su35,1995,0.1378996
Luapula,su35,1996,0.1839089
Luapula,su35,1997,0.1540132
Luapula,su35,1998,3.159705
Luapula,su35,1999,0.9968469
Luapula,su35,2000,0.03083767
Luapula,su35,2001,0
Luapula,su35,2002,0.03062912
Luapula,su35,2003,1.385262
Luapula,su35,2004,0.5837235
Luapula,su35,2005,0.2300971
Luapula,su35,2006,0.3703478
Luapula,su35,2007,0.07685661
Luapula,su35,2008,1.029047
Luapula,su35,2009,0
Luapula,su35,2010,2.93257
Luapula,su35,2011,0.934753
Luapula,su35,2012,0.4602167
Luapula,su35,2013,0.3837503
Luapula,su35,2014,2.181961
Luapula,su35,2015,0.2762851
Luapula,su35,2016,2.934997
Luapula,su35,2017,0.7355548
Luapula,su35,2018,0.07654409
Luapula,su35,2019,1.655071
Luapula,su35,2020,1.351488
Luapula,su35,2021,0.8743635
Luapula,su35,2022,0.4297739
Luapula,su35,2023,2.546957
Luapula,su35,2024,0.3216555
Luapula,su35,2025,0
Lusaka,txm,1981,28.82304
Lusaka,txm,1982,29.18017
Lusaka,txm,1983,28.90757
Lusaka,txm,1984,28.12848
Lusaka,txm,1985,27.55322
Lusaka,txm,1986,28.82368
Lusaka,txm,1987,29.06437
Lusaka,txm,1988,28.03645
Lusaka,txm,1989,28.78961
Lusaka,txm,1990,29.3192
Lusaka,txm,1991,29.93168
Lusaka,txm,1992,28.77916
Lusaka,txm,1993,29.23157
Lusaka,txm,1994,29.98528
Lusaka,txm,1995,28.91085
Lusaka,txm,1996,29.02533
Lusaka,txm,1997,28.69585
Lusaka,txm,1998,28.624
Lusaka,txm,1999,28.76324
Lusaka,txm,2000,27.78842
Lusaka,txm,2001,28.80731
Lusaka,txm,2002,28.75203
Lusaka,txm,2003,29.11099
Lusaka,txm,2004,28.97188
Lusaka,txm,2005,28.54597
Lusaka,txm,2006,28.74643
Lusaka,txm,2007,27.67024
Lusaka,txm,2008,28.20838
Lusaka,txm,2009,28.02769
Lusaka,txm,2010,28.66229
Lusaka,txm,2011,28.98547
Lusaka,txm,2012,28.80178
Lusaka,txm,2013,29.09186
Lusaka,txm,2014,29.40232
Lusaka,txm,2015,30.27834
Lusaka,txm,2016,28.95606
Lusaka,txm,2017,28.7394
Lusaka,txm,2018,29.30683
Lusaka,txm,2019,29.573
Lusaka,txm,2020,28.77326
Lusaka,txm,2021,29.35766
Lusaka,txm,2022,28.62625
Lusaka,txm,2023,30.8091
Lusaka,txm,2024,29.8424
Lusaka,txm,2025,28.49769
Lusaka,txx,1981,37.00664
Lusaka,txx,1982,35.0793
Lusaka,txx,1983,36.49755
Lusaka,txx,1984,36.39017
Lusaka,txx,1985,33.80366
Lusaka,txx,1986,35.54013
Lusaka,txx,1987,38.77479
Lusaka,txx,1988,36.38882
Lusaka,txx,1989,36.73843
Lusaka,txx,1990,37.79581
Lusaka,txx,1991,35.7277
Lusaka,txx,1992,38.46386
Lusaka,txx,1993,36.80077
Lusaka,txx,1994,38.19774
Lusaka,txx,1995,37.52612
Lusaka,txx,1996,37.67291
Lusaka,txx,1997,37.13279
Lusaka,txx,1998,38.47554
Lusaka,txx,1999,36.77945
Lusaka,txx,2000,35.66197
Lusaka,txx,2001,36.19719
Lusaka,txx,2002,35.35287
Lusaka,txx,2003,37.55996
Lusaka,txx,2004,36.68644
Lusaka,txx,2005,37.8396
Lusaka,txx,2006,36.62288
Lusaka,txx,2007,35.49081
Lusaka,txx,2008,36.54229
Lusaka,txx,2009,34.98773
Lusaka,txx,2010,37.15863
Lusaka,txx,2011,38.92776
Lusaka,txx,2012,37.06929
Lusaka,txx,2013,37.15866
Lusaka,txx,2014,37.48349
Lusaka,txx,2015,38.06148
Lusaka,txx,2016,37.12564
Lusaka,txx,2017,38.37813
Lusaka,txx,2018,36.7844
Lusaka,txx,2019,39.32741
Lusaka,txx,2020,38.04606
Lusaka,txx,2021,37.87913
Lusaka,txx,2022,36.32635
Lusaka,txx,2023,38.01345
Lusaka,txx,2024,37.98336
Lusaka,txx,2025,37.67533
Lusaka,tx90p,1981,13.36964
Lusaka,tx90p,1982,19.65211
Lusaka,tx90p,1983,10.74627
Lusaka,tx90p,1984,2.913359
Lusaka,tx90p,1985,0.7142079
Lusaka,tx90p,1986,17.2335
Lusaka,tx90p,1987,9.70893
Lusaka,tx90p,1988,7.454746
Lusaka,tx90p,1989,8.221842
Lusaka,tx90p,1990,9.981251
Lusaka,tx90p,1991,30.45591
Lusaka,tx90p,1992,9.724725
Lusaka,tx90p,1993,13.4268
Lusaka,tx90p,1994,27.67429
Lusaka,tx90p,1995,10.18175
Lusaka,tx90p,1996,5.65928
Lusaka,tx90p,1997,8.551861
Lusaka,tx90p,1998,6.667332
Lusaka,tx90p,1999,11.53201
Lusaka,tx90p,2000,0.4938436
Lusaka,tx90p,2001,4.174232
Lusaka,tx90p,2002,7.745907
Lusaka,tx90p,2003,5.88352
Lusaka,tx90p,2004,11.74228
Lusaka,tx90p,2005,3.663427
Lusaka,tx90p,2006,6.226209
Lusaka,tx90p,2007,0.655654
Lusaka,tx90p,2008,1.72099
Lusaka,tx90p,2009,3.956293
Lusaka,tx90p,2010,2.087733
Lusaka,tx90p,2011,8.105019
Lusaka,tx90p,2012,4.633578
Lusaka,tx90p,2013,9.250206
Lusaka,tx90p,2014,13.38813
Lusaka,tx90p,2015,26.10363
Lusaka,tx90p,2016,6.448223
Lusaka,tx90p,2017,11.92423
Lusaka,tx90p,2018,16.15056
Lusaka,tx90p,2019,17.55786
Lusaka,tx90p,2020,7.69213
Lusaka,tx90p,2021,15.3301
Lusaka,tx90p,2022,3.057919
Lusaka,tx90p,2023,34.84278
Lusaka,tx90p,2024,19.44903
Lusaka,tx90p,2025,6.408568
Lusaka,su35,1981,10.00406
Lusaka,su35,1982,7.235122
Lusaka,su35,1983,11.37068
Lusaka,su35,1984,11.17249
Lusaka,su35,1985,1.701685
Lusaka,su35,1986,2.201114
Lusaka,su35,1987,15.90531
Lusaka,su35,1988,7.069689
Lusaka,su35,1989,10.50289
Lusaka,su35,1990,15.37218
Lusaka,su35,1991,13.47155
Lusaka,su35,1992,23.27079
Lusaka,su35,1993,10.43884
Lusaka,su35,1994,23.00488
Lusaka,su35,1995,21.37237
Lusaka,su35,1996,22.33859
Lusaka,su35,1997,10.30261
Lusaka,su35,1998,19.57159
Lusaka,su35,1999,10.73878
Lusaka,su35,2000,4.435729
Lusaka,su35,2001,6.035466
Lusaka,su35,2002,8.838317
Lusaka,su35,2003,13.33796
Lusaka,su35,2004,7.636598
Lusaka,su35,2005,15.23779
Lusaka,su35,2006,11.43769
Lusaka,su35,2007,6.569193
Lusaka,su35,2008,10.5034
Lusaka,su35,2009,2.934886
Lusaka,su35,2010,14.20485
Lusaka,su35,2011,16.50245
Lusaka,su35,2012,16.33934
Lusaka,su35,2013,16.63984
Lusaka,su35,2014,22.40817
Lusaka,su35,2015,22.00605
Lusaka,su35,2016,22.373
Lusaka,su35,2017,10.60274
Lusaka,su35,2018,9.470284
Lusaka,su35,2019,20.00314
Lusaka,su35,2020,17.77195
Lusaka,su35,2021,22.57307
Lusaka,su35,2022,9.537296
Lusaka,su35,2023,25.60484
Lusaka,su35,2024,23.50233
Lusaka,su35,2025,11.00254
Muchinga,txm,1981,28.12192
Muchinga,txm,1982,27.28217
Muchinga,txm,1983,27.54519
Muchinga,txm,1984,26.85408
Muchinga,txm,1985,26.56995
Muchinga,txm,1986,26.97415
Muchinga,txm,1987,28.08501
Muchinga,txm,1988,26.91576
Muchinga,txm,1989,27.33963
Muchinga,txm,1990,28.21191
Muchinga,txm,1991,27.82147
Muchinga,txm,1992,27.34985
Muchinga,txm,1993,28.04749
Muchinga,txm,1994,27.51246
Muchinga,txm,1995,28.22792
Muchinga,txm,1996,28.23084
Muchinga,txm,1997,27.25779
Muchinga,txm,1998,28.35494
Muchinga,txm,1999,28.15726
Muchinga,txm,2000,26.61699
Muchinga,txm,2001,27.38854
Muchinga,txm,2002,27.67213
Muchinga,txm,2003,28.07717
Muchinga,txm,2004,27.45713
Muchinga,txm,2005,28.28458
Muchinga,txm,2006,27.37266
Muchinga,txm,2007,27.14754
Muchinga,txm,2008,27.38382
Muchinga,txm,2009,27.39365
Muchinga,txm,2010,27.83756
Muchinga,txm,2011,27.23979
Muchinga,txm,2012,27.67416
Muchinga,txm,2013,27.89676
Muchinga,txm,2014,28.31476
Muchinga,txm,2015,28.34165
Muchinga,txm,2016,28.21826
Muchinga,txm,2017,27.53781
Muchinga,txm,2018,27.64077
Muchinga,txm,2019,27.5759
Muchinga,txm,2020,27.44515
Muchinga,txm,2021,28.31614
Muchinga,txm,2022,27.37388
Muchinga,txm,2023,28.20491
Muchinga,txm,2024,28.09015
Muchinga,txm,2025,27.04498
Muchinga,txx,1981,34.55819
Muchinga,txx,1982,34.26701
Muchinga,txx,1983,35.20606
Muchinga,txx,1984,34.0718
Muchinga,txx,1985,33.19295
Muchinga,txx,1986,33.60727
Muchinga,txx,1987,34.49235
Muchinga,txx,1988,33.52443
Muchinga,txx,1989,34.23884
Muchinga,txx,1990,34.67318
Muchinga,txx,1991,32.99633
Muchinga,txx,1992,34.66675
Muchinga,txx,1993,33.86591
Muchinga,txx,1994,34.36302
Muchinga,txx,1995,34.52808
Muchinga,txx,1996,34.2117
Muchinga,txx,1997,34.25347
Muchinga,txx,1998,35.19983
Muchinga,txx,1999,35.09547
Muchinga,txx,2000,33.92801
Muchinga,txx,2001,33.29807
Muchinga,txx,2002,34.18713
Muchinga,txx,2003,34.43885
Muchinga,txx,2004,34.66073
Muchinga,txx,2005,34.77303
Muchinga,txx,2006,34.18899
Muchinga,txx,2007,33.97388
Muchinga,txx,2008,34.1326
Muchinga,txx,2009,33.19141
Muchinga,txx,2010,34.94075
Muchinga,txx,2011,35.38189
Muchinga,txx,2012,34.84513
Muchinga,txx,2013,35.56515
Muchinga,txx,2014,35.35994
Muchinga,txx,2015,34.87508
Muchinga,txx,2016,35.02047
Muchinga,txx,2017,36.73059
Muchinga,txx,2018,34.62766
Muchinga,txx,2019,35.98954
Muchinga,txx,2020,34.93182
Muchinga,txx,2021,35.411
Muchinga,txx,2022,34.31961
Muchinga,txx,2023,36.29543
Muchinga,txx,2024,34.55864
Muchinga,txx,2025,33.96678
Muchinga,tx90p,1981,13.9525
Muchinga,tx90p,1982,9.770242
Muchinga,tx90p,1983,7.718016
Muchinga,tx90p,1984,4.733812
Muchinga,tx90p,1985,0.766018
Muchinga,tx90p,1986,3.811632
Muchinga,tx90p,1987,12.4898
Muchinga,tx90p,1988,1.669122
Muchinga,tx90p,1989,8.26584
Muchinga,tx90p,1990,11.57581
Muchinga,tx90p,1991,15.87129
Muchinga,tx90p,1992,5.005006
Muchinga,tx90p,1993,15.14269
Muchinga,tx90p,1994,9.943081
Muchinga,tx90p,1995,10.21884
Muchinga,tx90p,1996,11.47558
Muchinga,tx90p,1997,7.848128
Muchinga,tx90p,1998,17.30856
Muchinga,tx90p,1999,16.95252
Muchinga,tx90p,2000,0.6957115
Muchinga,tx90p,2001,3.154263
Muchinga,tx90p,2002,8.846284
Muchinga,tx90p,2003,6.384398
Muchinga,tx90p,2004,11.39328
Muchinga,tx90p,2005,13.80066
Muchinga,tx90p,2006,4.726761
Muchinga,tx90p,2007,2.844983
Muchinga,tx90p,2008,4.786218
Muchinga,tx90p,2009,4.812277
Muchinga,tx90p,2010,7.682087
Muchinga,tx90p,2011,7.157265
Muchinga,tx90p,2012,6.814484
Muchinga,tx90p,2013,9.116821
Muchinga,tx90p,2014,17.61053
Muchinga,tx90p,2015,22.29058
Muchinga,tx90p,2016,12.59228
Muchinga,tx90p,2017,10.94999
Muchinga,tx90p,2018,9.020675
Muchinga,tx90p,2019,11.22658
Muchinga,tx90p,2020,7.846867
Muchinga,tx90p,2021,21.86878
Muchinga,tx90p,2022,5.543383
Muchinga,tx90p,2023,20.94894
Muchinga,tx90p,2024,19.55805
Muchinga,tx90p,2025,2.7962
Muchinga,su35,1981,7.566646
Muchinga,su35,1982,4.080712
Muchinga,su35,1983,8.788235
Muchinga,su35,1984,4.916489
Muchinga,su35,1985,2.173093
Muchinga,su35,1986,1.716528
Muchinga,su35,1987,7.694169
Muchinga,su35,1988,4.451184
Muchinga,su35,1989,3.508613
Muchinga,su35,1990,7.578591
Muchinga,su35,1991,4.863451
Muchinga,su35,1992,7.662791
Muchinga,su35,1993,6.666595
Muchinga,su35,1994,5.268926
Muchinga,su35,1995,8.978605
Muchinga,su35,1996,8.394407
Muchinga,su35,1997,4.176994
Muchinga,su35,1998,8.725122
Muchinga,su35,1999,7.930009
Muchinga,su35,2000,3.497371
Muchinga,su35,2001,5.351301
Muchinga,su35,2002,4.949102
Muchinga,su35,2003,6.517569
Muchinga,su35,2004,3.911795
Muchinga,su35,2005,8.078596
Muchinga,su35,2006,5.956262
Muchinga,su35,2007,4.705979
Muchinga,su35,2008,5.669838
Muchinga,su35,2009,3.125478
Muchinga,su35,2010,8.449685
Muchinga,su35,2011,5.917071
Muchinga,su35,2012,7.642881
Muchinga,su35,2013,8.707168
Muchinga,su35,2014,11.0673
Muchinga,su35,2015,9.687397
Muchinga,su35,2016,10.14478
Muchinga,su35,2017,7.998721
Muchinga,su35,2018,6.306396
Muchinga,su35,2019,9.284245
Muchinga,su35,2020,7.356939
Muchinga,su35,2021,12.30129
Muchinga,su35,2022,6.687322
Muchinga,su35,2023,10.90557
Muchinga,su35,2024,8.594176
Muchinga,su35,2025,3.666433
North-Western,txm,1981,27.89901
North-Western,txm,1982,27.4612
North-Western,txm,1983,27.12212
North-Western,txm,1984,26.94016
North-Western,txm,1985,26.86194
North-Western,txm,1986,26.97273
North-Western,txm,1987,27.95451
North-Western,txm,1988,26.73784
North-Western,txm,1989,27.8103
North-Western,txm,1990,27.9818
North-Western,txm,1991,27.49258
North-Western,txm,1992,27.03712
North-Western,txm,1993,27.95054
North-Western,txm,1994,27.71585
North-Western,txm,1995,27.8103
North-Western,txm,1996,27.6034
North-Western,txm,1997,27.74279
North-Western,txm,1998,27.75809
North-Western,txm,1999,27.27088
North-Western,txm,2000,26.98241
North-Western,txm,2001,27.4894
North-Western,txm,2002,27.52149
North-Western,txm,2003,27.90577
North-Western,txm,2004,27.75169
North-Western,txm,2005,27.9685
North-Western,txm,2006,27.42678
North-Western,txm,2007,27.11518
North-Western,txm,2008,27.38246
North-Western,txm,2009,27.50093
North-Western,txm,2010,27.67148
North-Western,txm,2011,27.34699
North-Western,txm,2012,27.61227
North-Western,txm,2013,27.37397
North-Western,txm,2014,28.18579
North-Western,txm,2015,28.17414
North-Western,txm,2016,28.2487
North-Western,txm,2017,27.49962
North-Western,txm,2018,28.51392
North-Western,txm,2019,27.92539
North-Western,txm,2020,27.47436
North-Western,txm,2021,28.06656
North-Western,txm,2022,27.2695
North-Western,txm,2023,28.98091
North-Western,txm,2024,28.12764
North-Western,txm,2025,27.67858
North-Western,txx,1981,34.11449
North-Western,txx,1982,32.38673
North-Western,txx,1983,34.29947
North-Western,txx,1984,33.67733
North-Western,txx,1985,33.21083
North-Western,txx,1986,32.00127
North-Western,txx,1987,34.0883
North-Western,txx,1988,33.22871
North-Western,txx,1989,34.03415
North-Western,txx,1990,34.46408
North-Western,txx,1991,34.27977
North-Western,txx,1992,34.25044
North-Western,txx,1993,35.47035
North-Western,txx,1994,33.62725
North-Western,txx,1995,35.55027
North-Western,txx,1996,35.21397
North-Western,txx,1997,35.22694
North-Western,txx,1998,35.92521
North-Western,txx,1999,34.94003
North-Western,txx,2000,34.87874
North-Western,txx,2001,34.41343
North-Western,txx,2002,34.70646
North-Western,txx,2003,36.72513
North-Western,txx,2004,35.03077
North-Western,txx,2005,35.07114
North-Western,txx,2006,34.47589
North-Western,txx,2007,34.12424
North-Western,txx,2008,35.9058
North-Western,txx,2009,34.46316
North-Western,txx,2010,36.06706
North-Western,txx,2011,35.36836
North-Western,txx,2012,35.40397
North-Western,txx,2013,35.19958
North-Western,txx,2014,35.65778
North-Western,txx,2015,35.28424
North-Western,txx,2016,36.58342
North-Western,txx,2017,35.40271
North-Western,txx,2018,34.5423
North-Western,txx,2019,35.30824
North-Western,txx,2020,36.05334
North-Western,txx,2021,35.44557
North-Western,txx,2022,34.44286
North-Western,txx,2023,35.94896
North-Western,txx,2024,35.29733
North-Western,txx,2025,35.1365
North-Western,tx90p,1981,13.54481
North-Western,tx90p,1982,16.42788
North-Western,tx90p,1983,2.884453
North-Western,tx90p,1984,2.535287
North-Western,tx90p,1985,2.020044
North-Western,tx90p,1986,8.862163
North-Western,tx90p,1987,16.75258
North-Western,tx90p,1988,3.119905
North-Western,tx90p,1989,14.7852
North-Western,tx90p,1990,11.49757
North-Western,tx90p,1991,14.84684
North-Western,tx90p,1992,4.743254
North-Western,tx90p,1993,12.06686
North-Western,tx90p,1994,14.46645
North-Western,tx90p,1995,7.859712
North-Western,tx90p,1996,5.68748
North-Western,tx90p,1997,10.54827
North-Western,tx90p,1998,9.966977
North-Western,tx90p,1999,6.871706
North-Western,tx90p,2000,1.993707
North-Western,tx90p,2001,5.521821
North-Western,tx90p,2002,10.07706
North-Western,tx90p,2003,9.424092
North-Western,tx90p,2004,13.61773
North-Western,tx90p,2005,10.0972
North-Western,tx90p,2006,5.316349
North-Western,tx90p,2007,1.454614
North-Western,tx90p,2008,7.688388
North-Western,tx90p,2009,7.376075
North-Western,tx90p,2010,9.011148
North-Western,tx90p,2011,4.733177
North-Western,tx90p,2012,7.574847
North-Western,tx90p,2013,5.930471
North-Western,tx90p,2014,16.41561
North-Western,tx90p,2015,18.0765
North-Western,tx90p,2016,19.1197
North-Western,tx90p,2017,7.246711
North-Western,tx90p,2018,24.35255
North-Western,tx90p,2019,12.26984
North-Western,tx90p,2020,9.995234
North-Western,tx90p,2021,17.63045
North-Western,tx90p,2022,7.325316
North-Western,tx90p,2023,34.76318
North-Western,tx90p,2024,19.85256
North-Western,tx90p,2025,9.945934
North-Western,su35,1981,0.5212741
North-Western,su35,1982,0
North-Western,su35,1983,0.7245846
North-Western,su35,1984,0.09254829
North-Western,su35,1985,0.02896979
North-Western,su35,1986,0
North-Western,su35,1987,1.824159
North-Western,su35,1988,0
North-Western,su35,1989,0.2781942
North-Western,su35,1990,1.280629
North-Western,su35,1991,0.5684021
North-Western,su35,1992,0.4521997
North-Western,su35,1993,1.57297
North-Western,su35,1994,0.2432303
North-Western,su35,1995,5.906097
North-Western,su35,1996,4.301807
North-Western,su35,1997,2.00756
North-Western,su35,1998,6.97821
North-Western,su35,1999,2.569652
North-Western,su35,2000,3.163531
North-Western,su35,2001,0.7601314
North-Western,su35,2002,1.629902
North-Western,su35,2003,6.706674
North-Western,su35,2004,1.670931
North-Western,su35,2005,4.47722
North-Western,su35,2006,0.8931056
North-Western,su35,2007,0.7417672
North-Western,su35,2008,5.426111
North-Western,su35,2009,0.8874988
North-Western,su35,2010,10.08189
North-Western,su35,2011,3.114834
North-Western,su35,2012,3.557309
North-Western,su35,2013,2.936176
North-Western,su35,2014,6.045488
North-Western,su35,2015,3.5797
North-Western,su35,2016,14.94157
North-Western,su35,2017,2.923032
North-Western,su35,2018,1.555272
North-Western,su35,2019,5.740771
North-Western,su35,2020,7.044592
North-Western,su35,2021,2.122718
North-Western,su35,2022,0.9044412
North-Western,su35,2023,6.0332
North-Western,su35,2024,3.4792
North-Western,su35,2025,3.684692
Northern,txm,1981,27.11121
Northern,txm,1982,26.36478
Northern,txm,1983,26.35326
Northern,txm,1984,26.01867
Northern,txm,1985,26.08898
Northern,txm,1986,26.06569
Northern,txm,1987,26.89989
Northern,txm,1988,25.94488
Northern,txm,1989,26.63266
Northern,txm,1990,27.13038
Northern,txm,1991,26.4664
Northern,txm,1992,26.43021
Northern,txm,1993,27.16025
Northern,txm,1994,26.42343
Northern,txm,1995,27.25828
Northern,txm,1996,27.42026
Northern,txm,1997,26.59634
Northern,txm,1998,27.741
Northern,txm,1999,27.20839
Northern,txm,2000,26.20573
Northern,txm,2001,26.5986
Northern,txm,2002,27.13412
Northern,txm,2003,27.47125
Northern,txm,2004,27.1519
Northern,txm,2005,27.63688
Northern,txm,2006,26.70888
Northern,txm,2007,26.78139
Northern,txm,2008,26.9278
Northern,txm,2009,26.9759
Northern,txm,2010,27.15991
Northern,txm,2011,26.45993
Northern,txm,2012,26.9743
Northern,txm,2013,26.95579
Northern,txm,2014,27.40154
Northern,txm,2015,27.14718
Northern,txm,2016,27.5505
Northern,txm,2017,26.51341
Northern,txm,2018,27.18205
Northern,txm,2019,26.79018
Northern,txm,2020,26.76504
Northern,txm,2021,27.31948
Northern,txm,2022,26.60652
Northern,txm,2023,27.16357
Northern,txm,2024,26.87724
Northern,txm,2025,26.59804
Northern,txx,1981,32.47053
Northern,txx,1982,31.65618
Northern,txx,1983,32.47958
Northern,txx,1984,32.522
Northern,txx,1985,31.50119
Northern,txx,1986,31.85821
Northern,txx,1987,31.88207
Northern,txx,1988,31.91167
Northern,txx,1989,33.07829
Northern,txx,1990,32.64309
Northern,txx,1991,31.70911
Northern,txx,1992,32.7449
Northern,txx,1993,33.01831
Northern,txx,1994,31.93141
Northern,txx,1995,32.65712
Northern,txx,1996,32.6898
Northern,txx,1997,32.83918
Northern,txx,1998,33.90065
Northern,txx,1999,33.88993
Northern,txx,2000,33.38174
Northern,txx,2001,32.36744
Northern,txx,2002,33.16259
Northern,txx,2003,33.78186
Northern,txx,2004,34.22175
Northern,txx,2005,33.4648
Northern,txx,2006,33.42673
Northern,txx,2007,32.74951
Northern,txx,2008,33.2942
Northern,txx,2009,32.5983
Northern,txx,2010,34.02899
Northern,txx,2011,33.43867
Northern,txx,2012,33.65586
Northern,txx,2013,33.84206
Northern,txx,2014,34.20942
Northern,txx,2015,33.02889
Northern,txx,2016,34.21485
Northern,txx,2017,33.77792
Northern,txx,2018,32.52924
Northern,txx,2019,33.66478
Northern,txx,2020,33.74854
Northern,txx,2021,33.65926
Northern,txx,2022,33.31784
Northern,txx,2023,34.76969
Northern,txx,2024,32.60976
Northern,txx,2025,32.62544
Northern,tx90p,1981,9.159355
Northern,tx90p,1982,6.687425
Northern,tx90p,1983,3.64924
Northern,tx90p,1984,4.008097
Northern,tx90p,1985,0.5985536
Northern,tx90p,1986,1.336522
Northern,tx90p,1987,10.66846
Northern,tx90p,1988,0.8641639
Northern,tx90p,1989,6.087595
Northern,tx90p,1990,6.584842
Northern,tx90p,1991,9.757592
Northern,tx90p,1992,4.475782
Northern,tx90p,1993,12.36526
Northern,tx90p,1994,5.254384
Northern,tx90p,1995,9.604993
Northern,tx90p,1996,9.58734
Northern,tx90p,1997,7.934791
Northern,tx90p,1998,19.5077
Northern,tx90p,1999,13.55591
Northern,tx90p,2000,1.905339
Northern,tx90p,2001,4.048865
Northern,tx90p,2002,9.573811
Northern,tx90p,2003,11.09082
Northern,tx90p,2004,13.37605
Northern,tx90p,2005,18.0443
Northern,tx90p,2006,6.503333
Northern,tx90p,2007,4.613731
Northern,tx90p,2008,8.014487
Northern,tx90p,2009,7.950659
Northern,tx90p,2010,12.10836
Northern,tx90p,2011,5.805481
Northern,tx90p,2012,8.14039
Northern,tx90p,2013,6.250295
Northern,tx90p,2014,16.52779
Northern,tx90p,2015,16.10339
Northern,tx90p,2016,15.92854
Northern,tx90p,2017,8.190283
Northern,tx90p,2018,11.86376
Northern,tx90p,2019,10.59454
Northern,tx90p,2020,8.445399
Northern,tx90p,2021,20.17362
Northern,tx90p,2022,7.12588
Northern,tx90p,2023,16.69916
Northern,tx90p,2024,14.32462
Northern,tx90p,2025,6.877233
Northern,su35,1981,0.009853167
Northern,su35,1982,0
Northern,su35,1983,0.0888392
Northern,su35,1984,0
Northern,su35,1985,0
Northern,su35,1986,0
Northern,su35,1987,0.05916918
Northern,su35,1988,0
Northern,su35,1989,0.04935567
Northern,su35,1990,0
Northern,su35,1991,0
Northern,su35,1992,0.009901095
Northern,su35,1993,0.06946343
Northern,su35,1994,0
Northern,su35,1995,0
Northern,su35,1996,0
Northern,su35,1997,0
Northern,su35,1998,0.4043629
Northern,su35,1999,0.5429797
Northern,su35,2000,0
Northern,su35,2001,0
Northern,su35,2002,0
Northern,su35,2003,0.3860296
Northern,su35,2004,0.3361902
Northern,su35,2005,0.1383691
Northern,su35,2006,0.1092076
Northern,su35,2007,0
Northern,su35,2008,0.03956659
Northern,su35,2009,0
Northern,su35,2010,0.7809578
Northern,su35,2011,0.4540219
Northern,su35,2012,0.1086055
Northern,su35,2013,0.296952
Northern,su35,2014,0.7218195
Northern,su35,2015,0
Northern,su35,2016,0.7021752
Northern,su35,2017,0.414965
Northern,su35,2018,0
Northern,su35,2019,0.8192958
Northern,su35,2020,0.3849907
Northern,su35,2021,0.2864359
Northern,su35,2022,0.009901095
Northern,su35,2023,1.502335
Northern,su35,2024,0.02956796
Northern,su35,2025,0
Southern,txm,1981,29.14216
Southern,txm,1982,29.18847
Southern,txm,1983,29.00981
Southern,txm,1984,28.14209
Southern,txm,1985,27.95495
Southern,txm,1986,29.06508
Southern,txm,1987,28.85924
Southern,txm,1988,27.93478
Southern,txm,1989,28.93439
Southern,txm,1990,29.2824
Southern,txm,1991,29.47738
Southern,txm,1992,28.50105
Southern,txm,1993,28.78385
Southern,txm,1994,29.88869
Southern,txm,1995,28.965
Southern,txm,1996,28.57497
Southern,txm,1997,29.18005
Southern,txm,1998,28.48388
Southern,txm,1999,28.41113
Southern,txm,2000,27.94472
Southern,txm,2001,29.27047
Southern,txm,2002,28.81054
Southern,txm,2003,28.73208
Southern,txm,2004,29.26837
Southern,txm,2005,28.16207
Southern,txm,2006,28.57263
Southern,txm,2007,27.45278
Southern,txm,2008,27.82345
Southern,txm,2009,27.86092
Southern,txm,2010,28.31117
Southern,txm,2011,28.49402
Southern,txm,2012,28.3964
Southern,txm,2013,28.26049
Southern,txm,2014,29.03916
Southern,txm,2015,29.95885
Southern,txm,2016,28.64979
Southern,txm,2017,28.39506
Southern,txm,2018,30.17629
Southern,txm,2019,29.83045
Southern,txm,2020,28.30367
Southern,txm,2021,28.96538
Southern,txm,2022,28.29155
Southern,txm,2023,30.98903
Southern,txm,2024,29.62796
Southern,txm,2025,28.3049
Southern,txx,1981,36.26478
Southern,txx,1982,34.64539
Southern,txx,1983,35.75584
Southern,txx,1984,35.19648
Southern,txx,1985,33.98555
Southern,txx,1986,35.05544
Southern,txx,1987,38.06588
Southern,txx,1988,34.97129
Southern,txx,1989,35.85115
Southern,txx,1990,37.39552
Southern,txx,1991,35.09934
Southern,txx,1992,36.80544
Southern,txx,1993,35.46937
Southern,txx,1994,36.60268
Southern,txx,1995,37.61847
Southern,txx,1996,37.13318
Southern,txx,1997,36.72305
Southern,txx,1998,37.43008
Southern,txx,1999,36.19854
Southern,txx,2000,34.79344
Southern,txx,2001,35.3992
Southern,txx,2002,35.44989
Southern,txx,2003,37.77227
Southern,txx,2004,35.64507
Southern,txx,2005,37.0744
Southern,txx,2006,35.58664
Southern,txx,2007,35.52799
Southern,txx,2008,35.68416
Southern,txx,2009,34.42085
Southern,txx,2010,37.04115
Southern,txx,2011,37.79359
Southern,txx,2012,36.10218
Southern,txx,2013,36.03163
Southern,txx,2014,36.15305
Southern,txx,2015,37.0997
Southern,txx,2016,37.15391
Southern,txx,2017,37.84331
Southern,txx,2018,36.07647
Southern,txx,2019,38.60966
Southern,txx,2020,37.36699
Southern,txx,2021,36.50589
Southern,txx,2022,35.4313
Southern,txx,2023,37.22269
Southern,txx,2024,37.46401
Southern,txx,2025,36.07197
Southern,tx90p,1981,16.46269
Southern,tx90p,1982,19.62213
Southern,tx90p,1983,13.31548
Southern,tx90p,1984,1.784882
Southern,tx90p,1985,3.130352
Southern,tx90p,1986,23.80548
Southern,tx90p,1987,7.93347
Southern,tx90p,1988,4.403964
Southern,tx90p,1989,12.70726
Southern,tx90p,1990,10.22322
Southern,tx90p,1991,25.05163
Southern,tx90p,1992,7.637619
Southern,tx90p,1993,8.068336
Southern,tx90p,1994,27.88191
Southern,tx90p,1995,12.69859
Southern,tx90p,1996,6.737234
Southern,tx90p,1997,14.40353
Southern,tx90p,1998,7.418787
Southern,tx90p,1999,5.604258
Southern,tx90p,2000,2.459698
Southern,tx90p,2001,11.19789
Southern,tx90p,2002,12.69769
Southern,tx90p,2003,5.870261
Southern,tx90p,2004,12.80949
Southern,tx90p,2005,4.735049
Southern,tx90p,2006,3.930287
Southern,tx90p,2007,0.8751785
Southern,tx90p,2008,1.574845
Southern,tx90p,2009,2.480911
Southern,tx90p,2010,3.180093
Southern,tx90p,2011,5.464254
Southern,tx90p,2012,3.243186
Southern,tx90p,2013,2.920182
Southern,tx90p,2014,11.23379
Southern,tx90p,2015,21.70713
Southern,tx90p,2016,7.195252
Southern,tx90p,2017,10.13604
Southern,tx90p,2018,28.10671
Southern,tx90p,2019,21.62567
Southern,tx90p,2020,5.492257
Southern,tx90p,2021,13.13945
Southern,tx90p,2022,3.23795
Southern,tx90p,2023,41.97057
Southern,tx90p,2024,18.67953
Southern,tx90p,2025,2.677224
Southern,su35,1981,5.323245
Southern,su35,1982,3.226378
Southern,su35,1983,6.050676
Southern,su35,1984,3.6587
Southern,su35,1985,1.086454
Southern,su35,1986,2.422687
Southern,su35,1987,11.0952
Southern,su35,1988,2.837527
Southern,su35,1989,5.429462
Southern,su35,1990,10.49609
Southern,su35,1991,5.559597
Southern,su35,1992,11.90861
Southern,su35,1993,5.315659
Southern,su35,1994,14.22682
Southern,su35,1995,19.63054
Southern,su35,1996,20.42591
Southern,su35,1997,7.784674
Southern,su35,1998,17.61404
Southern,su35,1999,6.768861
Southern,su35,2000,2.684665
Southern,su35,2001,2.590464
Southern,su35,2002,5.951594
Southern,su35,2003,10.8845
Southern,su35,2004,5.04417
Southern,su35,2005,13.64585
Southern,su35,2006,5.492148
Southern,su35,2007,3.361182
Southern,su35,2008,7.621444
Southern,su35,2009,1.501503
Southern,su35,2010,12.66102
Southern,su35,2011,13.22751
Southern,su35,2012,9.959341
Southern,su35,2013,6.78156
Southern,su35,2014,9.434132
Southern,su35,2015,15.43059
Southern,su35,2016,19.72045
Southern,su35,2017,8.197743
Southern,su35,2018,10.37797
Southern,su35,2019,21.15918
Southern,su35,2020,14.43381
Southern,su35,2021,13.18842
Southern,su35,2022,5.691137
Southern,su35,2023,21.36469
Southern,su35,2024,20.35599
Southern,su35,2025,10.41688
Western,txm,1981,29.63332
Western,txm,1982,29.19953
Western,txm,1983,28.87484
Western,txm,1984,28.70534
Western,txm,1985,28.71058
Western,txm,1986,28.84155
Western,txm,1987,29.73986
Western,txm,1988,28.29124
Western,txm,1989,29.4925
Western,txm,1990,29.51125
Western,txm,1991,29.26819
Western,txm,1992,28.52498
Western,txm,1993,29.23434
Western,txm,1994,30.09548
Western,txm,1995,29.75723
Western,txm,1996,29.26137
Western,txm,1997,29.68646
Western,txm,1998,29.037
Western,txm,1999,28.65462
Western,txm,2000,28.6665
Western,txm,2001,29.21732
Western,txm,2002,29.23573
Western,txm,2003,29.15131
Western,txm,2004,29.89386
Western,txm,2005,29.00988
Western,txm,2006,28.71596
Western,txm,2007,28.20738
Western,txm,2008,28.39929
Western,txm,2009,28.82247
Western,txm,2010,28.88759
Western,txm,2011,28.74735
Western,txm,2012,28.94156
Western,txm,2013,28.72144
Western,txm,2014,29.82111
Western,txm,2015,30.1731
Western,txm,2016,29.33616
Western,txm,2017,28.97046
Western,txm,2018,30.93575
Western,txm,2019,29.97152
Western,txm,2020,28.83098
Western,txm,2021,29.44909
Western,txm,2022,28.97006
Western,txm,2023,31.58817
Western,txm,2024,30.09397
Western,txm,2025,29.04639
Western,txx,1981,36.61747
Western,txx,1982,34.21753
Western,txx,1983,36.28036
Western,txx,1984,35.15284
Western,txx,1985,35.00733
Western,txx,1986,33.93388
Western,txx,1987,37.6097
Western,txx,1988,35.0753
Western,txx,1989,35.80386
Western,txx,1990,37.30295
Western,txx,1991,36.00963
Western,txx,1992,35.81913
Western,txx,1993,36.47799
Western,txx,1994,36.36444
Western,txx,1995,38.13868
Western,txx,1996,37.31932
Western,txx,1997,36.91339
Western,txx,1998,37.92174
Western,txx,1999,36.77112
Western,txx,2000,36.37827
Western,txx,2001,36.07323
Western,txx,2002,36.71465
Western,txx,2003,38.27979
Western,txx,2004,36.07401
Western,txx,2005,37.55968
Western,txx,2006,35.96047
Western,txx,2007,35.88614
Western,txx,2008,37.09567
Western,txx,2009,36.26881
Western,txx,2010,37.4748
Western,txx,2011,37.97399
Western,txx,2012,36.7388
Western,txx,2013,36.80628
Western,txx,2014,37.1048
Western,txx,2015,37.30149
Western,txx,2016,38.5325
Western,txx,2017,37.93706
Western,txx,2018,36.33967
Western,txx,2019,38.01851
Western,txx,2020,37.74981
Western,txx,2021,37.47919
Western,txx,2022,35.84221
Western,txx,2023,37.82434
Western,txx,2024,37.69216
Western,txx,2025,37.09422
Western,tx90p,1981,13.7233
Western,tx90p,1982,16.70873
Western,tx90p,1983,4.744844
Western,tx90p,1984,2.821174
Western,tx90p,1985,4.424951
Western,tx90p,1986,14.76545
Western,tx90p,1987,13.47163
Western,tx90p,1988,1.427077
Western,tx90p,1989,15.93608
Western,tx90p,1990,8.108753
Western,tx90p,1991,17.57719
Western,tx90p,1992,5.51586
Western,tx90p,1993,9.004225
Western,tx90p,1994,24.0343
Western,tx90p,1995,14.41903
Western,tx90p,1996,6.042602
Western,tx90p,1997,12.11457
Western,tx90p,1998,5.281823
Western,tx90p,1999,4.075067
Western,tx90p,2000,3.79647
Western,tx90p,2001,5.584543
Western,tx90p,2002,11.75101
Western,tx90p,2003,6.940161
Western,tx90p,2004,16.35764
Western,tx90p,2005,5.683692
Western,tx90p,2006,2.946664
Western,tx90p,2007,0.3993606
Western,tx90p,2008,3.677255
Western,tx90p,2009,4.407708
Western,tx90p,2010,3.970662
Western,tx90p,2011,4.674355
Western,tx90p,2012,5.997869
Western,tx90p,2013,2.994799
Western,tx90p,2014,17.77139
Western,tx90p,2015,20.00175
Western,tx90p,2016,13.20399
Western,tx90p,2017,6.227704
Western,tx90p,2018,34.67435
Western,tx90p,2019,18.09088
Western,tx90p,2020,7.427176
Western,tx90p,2021,11.31171
Western,tx90p,2022,8.911446
Western,tx90p,2023,47.41283
Western,tx90p,2024,18.23583
Western,tx90p,2025,6.034252
Western,su35,1981,6.837318
Western,su35,1982,0.6614377
Western,su35,1983,5.509089
Western,su35,1984,2.303341
Western,su35,1985,1.148946
Western,su35,1986,0.3586826
Western,su35,1987,16.25564
Western,su35,1988,1.962713
Western,su35,1989,5.349034
Western,su35,1990,13.45262
Western,su35,1991,5.103298
Western,su35,1992,5.946836
Western,su35,1993,8.576873
Western,su35,1994,10.16811
Western,su35,1995,22.68991
Western,su35,1996,25.07985
Western,su35,1997,8.021211
Western,su35,1998,21.28486
Western,su35,1999,8.844967
Western,su35,2000,10.99026
Western,su35,2001,3.921966
Western,su35,2002,10.81779
Western,su35,2003,17.31231
Western,su35,2004,7.240962
Western,su35,2005,22.06679
Western,su35,2006,5.11817
Western,su35,2007,3.519822
Western,su35,2008,17.56744
Western,su35,2009,7.181098
Western,su35,2010,22.66189
Western,su35,2011,13.97907
Western,su35,2012,14.46268
Western,su35,2013,10.47278
Western,su35,2014,16.9652
Western,su35,2015,24.87707
Western,su35,2016,30.92294
Western,su35,2017,10.72468
Western,su35,2018,17.2193
Western,su35,2019,21.72309
Western,su35,2020,23.26726
Western,su35,2021,12.39296
Western,su35,2022,9.353854
Western,su35,2023,27.58831
Western,su35,2024,20.49988
Western,su35,2025,14.71553
